site,region,component,era,future,baseline_app,baseline_delta_ref,change_displayed,change_vs_delta_ref,baseline_offset,pct_change_displayed,pct_change_vs_delta_ref,pp_shift
Anaktuvuk Pass,North Slope,temperature,2010-2039,-7.355555555555556,-10.009130434782609,-10.178888888888887,2.653574879227053,2.8233333333333306,-0.16975845410627777,,,
Anaktuvuk Pass,North Slope,temperature,2040-2069,-5.102222222222223,-10.009130434782609,-10.178888888888887,4.906908212560386,5.0766666666666636,-0.16975845410627777,,,
Anaktuvuk Pass,North Slope,temperature,2070-2099,-2.7436111111111114,-10.009130434782609,-10.178888888888887,7.265519323671498,7.435277777777776,-0.16975845410627777,,,
Anaktuvuk Pass,North Slope,precipitation,2010-2039,378.68888888888887,333.55652173913046,335.4,45.13236714975841,43.28888888888889,1.8434782608695173,13.530650491989407,12.906645464784999,-0.624005027204408
Anaktuvuk Pass,North Slope,precipitation,2040-2069,409.5511111111111,333.55652173913046,335.4,75.99458937198062,74.1511111111111,1.8434782608695173,22.783122025542298,22.108262108262107,-0.674859917280191
Anaktuvuk Pass,North Slope,precipitation,2070-2099,444.7688888888889,333.55652173913046,335.4,111.21236714975845,109.36888888888893,1.8434782608695173,33.34138591262082,32.60849400384286,-0.7328919087779653
Anchorage,Southcentral,temperature,2010-2039,3.866666666666667,1.7036956521739128,1.5950000000000002,2.1629710144927543,2.271666666666667,-0.10869565217391264,,,
Anchorage,Southcentral,temperature,2040-2069,5.559166666666666,1.7036956521739128,1.5950000000000002,3.8554710144927533,3.964166666666666,-0.10869565217391264,,,
Anchorage,Southcentral,temperature,2070-2099,7.418055555555555,1.7036956521739128,1.5950000000000002,5.714359903381642,5.823055555555555,-0.10869565217391264,,,
Anchorage,Southcentral,precipitation,2010-2039,413.43333333333334,372.90434782608696,380.0,40.528985507246375,33.43333333333334,7.095652173913038,10.868466871871405,8.798245614035089,-2.070221257836316
Anchorage,Southcentral,precipitation,2040-2069,432.04,372.90434782608696,380.0,59.13565217391306,52.04000000000002,7.095652173913038,15.858128905885648,13.694736842105268,-2.16339206378038
Anchorage,Southcentral,precipitation,2070-2099,460.2422222222222,372.90434782608696,380.0,87.33787439613525,80.24222222222221,7.095652173913038,23.420985811854194,21.116374269005846,-2.304611542848349
Bethel,Southwest,temperature,2010-2039,0.9222222222222223,-1.5554347826086956,-1.6986111111111108,2.4776570048309177,2.620833333333333,-0.14317632850241524,,,
Bethel,Southwest,temperature,2040-2069,2.886111111111111,-1.5554347826086956,-1.6986111111111108,4.441545893719807,4.584722222222222,-0.14317632850241524,,,
Bethel,Southwest,temperature,2070-2099,4.841388888888889,-1.5554347826086956,-1.6986111111111108,6.396823671497584,6.54,-0.14317632850241524,,,
Bethel,Southwest,precipitation,2010-2039,415.56444444444446,423.62608695652176,382.03333333333336,-8.061642512077299,33.5311111111111,-41.5927536231884,-1.9030089884206525,8.777011895413429,10.68002088383408
Bethel,Southwest,precipitation,2040-2069,442.3333333333333,423.62608695652176,382.03333333333336,18.707246376811554,60.299999999999955,-41.5927536231884,4.415980732256355,15.783963004973375,11.367982272717018
Bethel,Southwest,precipitation,2070-2099,464.94,423.62608695652176,382.03333333333336,41.31391304347824,82.90666666666664,-41.5927536231884,9.752447810825785,21.701422214466444,11.948974403640658
Bettles,Interior,temperature,2010-2039,-3.017777777777778,-5.566594202898551,-5.680833333333334,2.5488164251207728,2.663055555555556,-0.1142391304347834,,,
Bettles,Interior,temperature,2040-2069,-0.9261111111111114,-5.566594202898551,-5.680833333333334,4.64048309178744,4.754722222222223,-0.1142391304347834,,,
Bettles,Interior,temperature,2070-2099,1.3222222222222224,-5.566594202898551,-5.680833333333334,6.888816425120773,7.003055555555557,-0.1142391304347834,,,
Bettles,Interior,precipitation,2010-2039,427.0711111111111,374.67826086956524,378.5,52.39285024154589,48.57111111111112,3.8217391304347643,13.983424103643188,12.832526053133718,-1.1508980505094701
Bettles,Interior,precipitation,2040-2069,460.5933333333333,374.67826086956524,378.5,85.91507246376807,82.0933333333333,3.8217391304347643,22.930359574204715,21.68912373403786,-1.2412358401668548
Bettles,Interior,precipitation,2070-2099,499.8311111111111,374.67826086956524,378.5,125.15285024154588,121.33111111111111,3.8217391304347643,33.40275199075793,32.05577572288272,-1.3469762678752062
Deadhorse,North Slope,temperature,2010-2039,-8.792777777777777,-11.606521739130434,-11.859166666666669,2.8137439613526567,3.0663888888888913,-0.2526449275362346,,,
Deadhorse,North Slope,temperature,2040-2069,-6.0600000000000005,-11.606521739130434,-11.859166666666669,5.546521739130434,5.799166666666668,-0.2526449275362346,,,
Deadhorse,North Slope,temperature,2070-2099,-3.261666666666667,-11.606521739130434,-11.859166666666669,8.344855072463767,8.597500000000002,-0.2526449275362346,,,
Deadhorse,North Slope,precipitation,2010-2039,246.12222222222223,209.03478260869565,215.96666666666667,37.087439613526584,30.155555555555566,6.931884057971018,17.742233685076574,13.963060143026192,-3.7791735420503816
Deadhorse,North Slope,precipitation,2040-2069,267.9866666666667,209.03478260869565,215.96666666666667,58.95188405797103,52.02000000000001,6.931884057971018,28.201949609662083,24.087050470751663,-4.11489913891042
Deadhorse,North Slope,precipitation,2070-2099,292.24666666666667,209.03478260869565,215.96666666666667,83.21188405797102,76.28,6.931884057971018,39.80767364144377,35.32026547306683,-4.487408168376938
Dillingham,Southwest,temperature,2010-2039,3.253055555555555,0.9091304347826087,0.7330555555555557,2.3439251207729463,2.5199999999999996,-0.176074879227053,,,
Dillingham,Southwest,temperature,2040-2069,5.043888888888889,0.9091304347826087,0.7330555555555557,4.13475845410628,4.310833333333333,-0.176074879227053,,,
Dillingham,Southwest,temperature,2070-2099,6.834722222222223,0.9091304347826087,0.7330555555555557,5.925591787439615,6.1016666666666675,-0.176074879227053,,,
Dillingham,Southwest,precipitation,2010-2039,656.3022222222222,635.9826086956522,609.2333333333333,20.319613526570038,47.068888888888864,-26.749275362318826,3.1949951537580388,7.72592146778282,4.530926314024781
Dillingham,Southwest,precipitation,2040-2069,689.9111111111112,635.9826086956522,609.2333333333333,53.92850241545898,80.6777777777778,-26.749275362318826,8.47955615108122,13.24250879976656,4.76295264868534
Dillingham,Southwest,precipitation,2070-2099,726.3488888888888,635.9826086956522,609.2333333333333,90.36628019323666,117.11555555555549,-26.749275362318826,14.208923161998165,19.22343200014589,5.0145088381477265
Fairbanks,Interior,temperature,2010-2039,-0.3108333333333334,-2.64231884057971,-2.745833333333333,2.3314855072463763,2.4349999999999996,-0.10351449275362334,,,
Fairbanks,Interior,temperature,2040-2069,1.5997222222222223,-2.64231884057971,-2.745833333333333,4.242041062801932,4.345555555555555,-0.10351449275362334,,,
Fairbanks,Interior,temperature,2070-2099,3.6397222222222227,-2.64231884057971,-2.745833333333333,6.282041062801932,6.385555555555555,-0.10351449275362334,,,
Fairbanks,Interior,precipitation,2010-2039,339.92,290.1913043478261,296.76666666666665,49.72869565217394,43.153333333333364,6.575362318840575,17.13652163490352,14.541165899135136,-2.5953557357683845
Fairbanks,Interior,precipitation,2040-2069,365.26222222222225,290.1913043478261,296.76666666666665,75.07091787439617,68.4955555555556,6.575362318840575,25.869458095276162,23.080609532367383,-2.788848562908779
Fairbanks,Interior,precipitation,2070-2099,392.9244444444444,290.1913043478261,296.76666666666665,102.73314009661834,96.15777777777777,6.575362318840575,35.40186716741912,32.40181212325433,-3.000055044164789
Fort Yukon,Interior,temperature,2010-2039,-3.8363888888888886,-6.230217391304348,-6.369722222222222,2.393828502415459,2.5333333333333337,-0.13950483091787458,,,
Fort Yukon,Interior,temperature,2040-2069,-1.7669444444444444,-6.230217391304348,-6.369722222222222,4.463272946859903,4.602777777777778,-0.13950483091787458,,,
Fort Yukon,Interior,temperature,2070-2099,0.4388888888888889,-6.230217391304348,-6.369722222222222,6.669106280193237,6.808611111111111,-0.13950483091787458,,,
Fort Yukon,Interior,precipitation,2010-2039,234.23111111111112,202.6695652173913,207.03333333333333,31.561545893719824,27.197777777777787,4.363768115942037,15.572908472895609,13.136907636988145,-2.436000835907464
Fort Yukon,Interior,precipitation,2040-2069,249.4688888888889,202.6695652173913,207.03333333333333,46.7993236714976,42.43555555555557,4.363768115942037,23.09144129326908,20.496967745397956,-2.594473547871125
Fort Yukon,Interior,precipitation,2070-2099,268.6822222222222,202.6695652173913,207.03333333333333,66.01265700483091,61.64888888888888,4.363768115942037,32.57156886581523,29.777276874362684,-2.794291991452546
Galena,Interior,temperature,2010-2039,-1.7480555555555557,-4.254927536231883,-4.343055555555555,2.5068719806763275,2.5949999999999993,-0.08812801932367176,,,
Galena,Interior,temperature,2040-2069,0.35722222222222216,-4.254927536231883,-4.343055555555555,4.612149758454105,4.700277777777777,-0.08812801932367176,,,
Galena,Interior,temperature,2070-2099,2.556944444444444,-4.254927536231883,-4.343055555555555,6.811871980676328,6.899999999999999,-0.08812801932367176,,,
Galena,Interior,precipitation,2010-2039,388.18888888888887,356.4086956521739,346.3333333333333,31.78019323671498,41.855555555555554,-10.075362318840575,8.916783912514267,12.085338466474175,3.1685545539599076
Galena,Interior,precipitation,2040-2069,417.5422222222222,356.4086956521739,346.3333333333333,61.13352657004833,71.20888888888891,-10.075362318840575,17.15264731635777,20.560795636830292,3.408148320472524
Galena,Interior,precipitation,2070-2099,442.8666666666667,356.4086956521739,346.3333333333333,86.45797101449278,96.53333333333336,-10.075362318840575,24.258098096144316,27.87295476419635,3.6148566680520346
Glennallen,Southcentral,temperature,2010-2039,-0.8383333333333333,-2.9268840579710145,-3.0838888888888887,2.088550724637681,2.2455555555555553,-0.1570048309178742,,,
Glennallen,Southcentral,temperature,2040-2069,0.8091666666666667,-2.9268840579710145,-3.0838888888888887,3.736050724637681,3.8930555555555553,-0.1570048309178742,,,
Glennallen,Southcentral,temperature,2070-2099,2.6574999999999998,-2.9268840579710145,-3.0838888888888887,5.584384057971015,5.741388888888888,-0.1570048309178742,,,
Glennallen,Southcentral,precipitation,2010-2039,315.36,283.30434782608694,285.76666666666665,32.055652173913074,29.593333333333362,2.4623188405797123,11.314917127071835,10.355768109179994,-0.9591490178918409
Glennallen,Southcentral,precipitation,2040-2069,333.7133333333333,283.30434782608694,285.76666666666665,50.40898550724637,47.94666666666666,2.4623188405797123,17.793226928586044,16.778257319491427,-1.0149696090946172
Glennallen,Southcentral,precipitation,2070-2099,357.24666666666667,283.30434782608694,285.76666666666665,73.94231884057973,71.48000000000002,2.4623188405797123,26.099959075097203,25.013414207395318,-1.0865448677018854
Homer,Southcentral,temperature,2010-2039,4.635555555555556,2.6402898550724636,2.4711111111111115,1.9952657004830927,2.164444444444445,-0.16917874396135213,,,
Homer,Southcentral,temperature,2040-2069,6.234999999999999,2.6402898550724636,2.4711111111111115,3.594710144927536,3.763888888888888,-0.16917874396135213,,,
Homer,Southcentral,temperature,2070-2099,7.917777777777777,2.6402898550724636,2.4711111111111115,5.277487922705314,5.446666666666665,-0.16917874396135213,,,
Homer,Southcentral,precipitation,2010-2039,788.2511111111111,693.2521739130435,721.0333333333333,94.99893719806755,67.21777777777777,27.781159420289782,13.703373862046268,9.322423065661935,-4.380950796384333
Homer,Southcentral,precipitation,2040-2069,824.3377777777778,693.2521739130435,721.0333333333333,131.08560386473425,103.30444444444447,27.781159420289782,18.908790884105713,14.327277210176756,-4.581513673928956
Homer,Southcentral,precipitation,2070-2099,866.2088888888889,693.2521739130435,721.0333333333333,172.95671497584533,145.17555555555555,27.781159420289782,24.948600449327945,20.134375048156194,-4.8142254011717505
Juneau,Southeast,temperature,2010-2039,6.967499999999999,5.460507246376812,5.220555555555555,1.5069927536231873,1.746944444444444,-0.23995169082125667,,,
Juneau,Southeast,temperature,2040-2069,8.366666666666665,5.460507246376812,5.220555555555555,2.9061594202898533,3.14611111111111,-0.23995169082125667,,,
Juneau,Southeast,temperature,2070-2099,9.970833333333335,5.460507246376812,5.220555555555555,4.510326086956523,4.75027777777778,-0.23995169082125667,,,
Juneau,Southeast,precipitation,2010-2039,2494.108888888889,2331.895652173913,2419.866666666667,162.21323671497612,74.24222222222215,87.97101449275397,6.956281965865523,3.0680294598416777,-3.8882525060238455
Juneau,Southeast,precipitation,2040-2069,2583.4844444444443,2331.895652173913,2419.866666666667,251.58879227053148,163.61777777777752,87.97101449275397,10.789024458962711,6.761437728433144,-4.027586730529567
Juneau,Southeast,precipitation,2070-2099,2698.826666666667,2331.895652173913,2419.866666666667,366.931014492754,278.96000000000004,87.97101449275397,15.735310203554011,11.527907873712051,-4.20740232984196
Ketchikan,Southeast,temperature,2010-2039,7.715277777777777,6.383333333333334,6.275277777777777,1.331944444444443,1.4399999999999995,-0.10805555555555646,,,
Ketchikan,Southeast,temperature,2040-2069,8.962499999999999,6.383333333333334,6.275277777777777,2.579166666666665,2.6872222222222213,-0.10805555555555646,,,
Ketchikan,Southeast,temperature,2070-2099,10.306944444444444,6.383333333333334,6.275277777777777,3.92361111111111,4.031666666666666,-0.10805555555555646,,,
Ketchikan,Southeast,precipitation,2010-2039,3417.0155555555557,3258.121739130435,3324.9333333333334,158.8938164251208,92.0822222222223,66.8115942028985,4.876853265388672,2.7694456697544503,-2.1074075956342213
Ketchikan,Southeast,precipitation,2040-2069,3508.9066666666668,3258.121739130435,3324.9333333333334,250.78492753623186,183.97333333333336,66.8115942028985,7.697223971844718,5.533143521674621,-2.164080450170097
Ketchikan,Southeast,precipitation,2070-2099,3630.24,3258.121739130435,3324.9333333333334,372.1182608695649,305.3066666666664,66.8115942028985,11.42125097415421,9.182339495528725,-2.238911478625486
King Salmon,Southwest,temperature,2010-2039,3.2647222222222227,1.0219565217391304,0.8416666666666667,2.2427657004830923,2.423055555555556,-0.18028985507246376,,,
King Salmon,Southwest,temperature,2040-2069,5.014444444444446,1.0219565217391304,0.8416666666666667,3.9924879227053154,4.172777777777779,-0.18028985507246376,,,
King Salmon,Southwest,temperature,2070-2099,6.7636111111111115,1.0219565217391304,0.8416666666666667,5.741654589371981,5.921944444444445,-0.18028985507246376,,,
King Salmon,Southwest,precipitation,2010-2039,545.56,515.8347826086956,507.1333333333333,29.72521739130434,38.42666666666662,-8.701449275362279,5.762546147232851,7.577231497305105,1.8146853500722537
King Salmon,Southwest,precipitation,2040-2069,569.2044444444444,515.8347826086956,507.1333333333333,53.36966183574884,62.07111111111112,-8.701449275362279,10.346270479444241,12.239603873625173,1.8933333941809316
King Salmon,Southwest,precipitation,2070-2099,595.6088888888889,515.8347826086956,507.1333333333333,79.77410628019334,88.47555555555562,-8.701449275362279,15.465049851186317,17.44621182244425,1.9811619712579347
Kodiak,Southcentral,temperature,2010-2039,6.829722222222222,5.041666666666666,4.859444444444444,1.7880555555555562,1.9702777777777785,-0.18222222222222229,,,
Kodiak,Southcentral,temperature,2040-2069,8.268055555555556,5.041666666666666,4.859444444444444,3.2263888888888896,3.408611111111112,-0.18222222222222229,,,
Kodiak,Southcentral,temperature,2070-2099,9.810833333333335,5.041666666666666,4.859444444444444,4.769166666666669,4.951388888888891,-0.18222222222222229,,,
Kodiak,Southcentral,precipitation,2010-2039,1713.4955555555555,1568.0782608695652,1615.0333333333333,145.41729468599033,98.46222222222218,46.95507246376815,9.273599303988204,6.096606193198625,-3.1769931107895797
Kodiak,Southcentral,precipitation,2040-2069,1788.4266666666667,1568.0782608695652,1615.0333333333333,220.34840579710158,173.39333333333343,46.95507246376815,14.052130642695674,10.736207715011048,-3.3159229276846265
Kodiak,Southcentral,precipitation,2070-2099,1861.7066666666667,1568.0782608695652,1615.0333333333333,293.62840579710155,246.6733333333334,46.95507246376815,18.725366783305336,15.273575364801555,-3.451791418503781
Kotzebue,Northwest,temperature,2010-2039,-2.8586111111111103,-5.7507246376811585,-5.826666666666668,2.892113526570048,2.9680555555555577,-0.0759420289855095,,,
Kotzebue,Northwest,temperature,2040-2069,-0.40472222222222226,-5.7507246376811585,-5.826666666666668,5.346002415458936,5.421944444444446,-0.0759420289855095,,,
Kotzebue,Northwest,temperature,2070-2099,2.1241666666666665,-5.7507246376811585,-5.826666666666668,7.874891304347825,7.9508333333333345,-0.0759420289855095,,,
Kotzebue,Northwest,precipitation,2010-2039,254.66,234.8608695652174,228.96666666666667,19.799130434782597,25.693333333333328,-5.894202898550731,8.430152911992293,11.22142961129713,2.791276699304838
Kotzebue,Northwest,precipitation,2040-2069,278.68888888888887,234.8608695652174,228.96666666666667,43.82801932367147,49.7222222222222,-5.894202898550731,18.661269288837865,21.715921774154403,3.054652485316538
Kotzebue,Northwest,precipitation,2070-2099,298.4511111111111,234.8608695652174,228.96666666666667,63.59024154589372,69.48444444444445,-5.894202898550731,27.075707274529886,30.34696947639152,3.271262201861635
McGrath,Interior,temperature,2010-2039,-0.9830555555555556,-3.384057971014493,-3.5238888888888886,2.4010024154589376,2.540833333333333,-0.1398309178743955,,,
McGrath,Interior,temperature,2040-2069,0.9802777777777778,-3.384057971014493,-3.5238888888888886,4.364335748792271,4.504166666666666,-0.1398309178743955,,,
McGrath,Interior,temperature,2070-2099,3.0022222222222226,-3.384057971014493,-3.5238888888888886,6.386280193236716,6.526111111111112,-0.1398309178743955,,,
McGrath,Interior,precipitation,2010-2039,457.50666666666666,414.76521739130436,405.8666666666667,42.7414492753623,51.639999999999986,-8.898550724637687,10.304974352523512,12.723390275952688,2.418415923429176
McGrath,Interior,precipitation,2040-2069,487.53333333333336,414.76521739130436,405.8666666666667,72.768115942029,81.66666666666669,-8.898550724637687,17.54441136595525,20.121550591327207,2.5771392253719583
McGrath,Interior,precipitation,2070-2099,518.1755555555555,414.76521739130436,405.8666666666667,103.41033816425119,112.30888888888887,-8.898550724637687,24.932258981275705,27.671375383267623,2.739116401991918
Nome,Northwest,temperature,2010-2039,-0.4472222222222222,-3.2254347826086964,-3.2944444444444443,2.778212560386474,2.8472222222222223,-0.06900966183574786,,,
Nome,Northwest,temperature,2040-2069,1.9208333333333336,-3.2254347826086964,-3.2944444444444443,5.14626811594203,5.215277777777778,-0.06900966183574786,,,
Nome,Northwest,temperature,2070-2099,4.281666666666666,-3.2254347826086964,-3.2944444444444443,7.507101449275362,7.576111111111111,-0.06900966183574786,,,
Nome,Northwest,precipitation,2010-2039,415.02444444444444,399.02608695652174,380.26666666666665,15.998357487922704,34.75777777777779,-18.759420289855086,4.0093512707267935,9.140369331463305,5.131018060736511
Nome,Northwest,precipitation,2040-2069,446.74444444444447,399.02608695652174,380.26666666666665,47.71835748792273,66.47777777777782,-18.759420289855086,11.958706221912296,17.481884057971026,5.52317783605873
Nome,Northwest,precipitation,2070-2099,481.44,399.02608695652174,380.26666666666665,82.41391304347826,101.17333333333335,-18.759420289855086,20.65376569037657,26.605890603085555,5.952124912708985
Talkeetna,Southcentral,temperature,2010-2039,3.0202777777777787,0.7910869565217391,0.6749999999999999,2.2291908212560396,2.345277777777779,-0.11608695652173917,,,
Talkeetna,Southcentral,temperature,2040-2069,4.816944444444445,0.7910869565217391,0.6749999999999999,4.025857487922706,4.141944444444445,-0.11608695652173917,,,
Talkeetna,Southcentral,temperature,2070-2099,6.789166666666668,0.7910869565217391,0.6749999999999999,5.998079710144929,6.1141666666666685,-0.11608695652173917,,,
Talkeetna,Southcentral,precipitation,2010-2039,875.1933333333334,764.4956521739131,787.9,110.69768115942031,87.29333333333341,23.404347826086905,14.479831356089647,11.07924017430301,-3.4005911817866377
Talkeetna,Southcentral,precipitation,2040-2069,928.3777777777777,764.4956521739131,787.9,163.88212560386467,140.47777777777776,23.404347826086905,21.436632783698755,17.829391772785602,-3.607241010913153
Talkeetna,Southcentral,precipitation,2070-2099,994.8066666666666,764.4956521739131,787.9,230.31101449275354,206.90666666666664,23.404347826086905,30.125876299995056,26.260523755129668,-3.865352544865388
Tok,Interior,temperature,2010-2039,-2.5986111111111114,-4.745217391304348,-4.9208333333333325,2.146606280193237,2.322222222222221,-0.17561594202898423,,,
Tok,Interior,temperature,2040-2069,-0.882222222222222,-4.745217391304348,-4.9208333333333325,3.8629951690821263,4.038611111111111,-0.17561594202898423,,,
Tok,Interior,temperature,2070-2099,0.9833333333333333,-4.745217391304348,-4.9208333333333325,5.728550724637682,5.904166666666666,-0.17561594202898423,,,
Tok,Interior,precipitation,2010-2039,260.0911111111111,228.18260869565216,229.83333333333334,31.90850241545894,30.25777777777776,1.6507246376811793,13.983757394069505,13.165095479816284,-0.8186619142532212
Tok,Interior,precipitation,2040-2069,278.6333333333333,228.18260869565216,229.83333333333334,50.45072463768116,48.79999999999998,1.6507246376811793,22.109802726014,21.232777374909347,-0.8770253511046526
Tok,Interior,precipitation,2070-2099,297.68444444444447,228.18260869565216,229.83333333333334,69.5018357487923,67.85111111111112,1.6507246376811793,30.45886632030454,29.521875755378296,-0.9369905649262442
Unalakleet,Northwest,temperature,2010-2039,-0.048055555555555504,-2.6209420289855077,-2.7263888888888888,2.572886473429952,2.6783333333333332,-0.1054468599033811,,,
Unalakleet,Northwest,temperature,2040-2069,2.0972222222222223,-2.6209420289855077,-2.7263888888888888,4.71816425120773,4.823611111111111,-0.1054468599033811,,,
Unalakleet,Northwest,temperature,2070-2099,4.284999999999999,-2.6209420289855077,-2.7263888888888888,6.905942028985507,7.011388888888888,-0.1054468599033811,,,
Unalakleet,Northwest,precipitation,2010-2039,440.4288888888889,429.88695652173914,396.8,10.541932367149741,43.628888888888866,-33.086956521739125,2.452256856650323,10.995183691756267,8.542926835105945
Unalakleet,Northwest,precipitation,2040-2069,473.90222222222224,429.88695652173914,396.8,44.0152657004831,77.10222222222222,-33.086956521739125,10.238799999100989,19.43100358422939,9.192203585128402
Unalakleet,Northwest,precipitation,2070-2099,501.6377777777778,429.88695652173914,396.8,71.75082125603865,104.83777777777777,-33.086956521739125,16.69062533010588,26.42081093189964,9.73018560179376
Utqiagvik,North Slope,temperature,2010-2039,-9.092777777777776,-12.198623188405795,-12.497222222222224,3.105845410628019,3.4044444444444473,-0.29859903381642816,,,
Utqiagvik,North Slope,temperature,2040-2069,-5.998333333333332,-12.198623188405795,-12.497222222222224,6.200289855072463,6.498888888888891,-0.29859903381642816,,,
Utqiagvik,North Slope,temperature,2070-2099,-2.8233333333333333,-12.198623188405795,-12.497222222222224,9.375289855072463,9.67388888888889,-0.29859903381642816,,,
Utqiagvik,North Slope,precipitation,2010-2039,211.94222222222223,185.24347826086955,183.46666666666667,26.698743961352676,28.47555555555556,-1.7768115942028828,14.41278484511833,15.520833333333334,1.1080484882150046
Utqiagvik,North Slope,precipitation,2040-2069,232.6688888888889,185.24347826086955,183.46666666666667,47.425410628019335,49.20222222222222,-1.7768115942028828,25.601662780933314,26.818071705426355,1.2164089244930416
Utqiagvik,North Slope,precipitation,2070-2099,255.73111111111112,185.24347826086955,183.46666666666667,70.48763285024157,72.26444444444445,-1.7768115942028828,38.0513438378528,39.38832364341086,1.3369798055580588
Valdez,Southcentral,temperature,2010-2039,3.8766666666666674,1.9410144927536233,1.7938888888888889,1.9356521739130441,2.0827777777777783,-0.1471256038647344,,,
Valdez,Southcentral,temperature,2040-2069,5.418611111111111,1.9410144927536233,1.7938888888888889,3.4775966183574876,3.624722222222222,-0.1471256038647344,,,
Valdez,Southcentral,temperature,2070-2099,7.180555555555556,1.9410144927536233,1.7938888888888889,5.239541062801933,5.386666666666668,-0.1471256038647344,,,
Valdez,Southcentral,precipitation,2010-2039,1743.908888888889,1620.9565217391305,1611.9,122.9523671497584,132.0088888888888,-9.056521739130403,7.5851736614034735,8.18964507034486,0.6044714089413858
Valdez,Southcentral,precipitation,2040-2069,1824.2555555555555,1620.9565217391305,1611.9,203.29903381642498,212.35555555555538,-9.056521739130403,12.541917755962059,13.174238820991091,0.6323210650290321
Valdez,Southcentral,precipitation,2070-2099,1932.9466666666667,1620.9565217391305,1611.9,311.9901449275362,321.0466666666666,-9.056521739130403,19.247286447436654,19.917281882664348,0.669995435227694
Yakutat,Southeast,temperature,2010-2039,5.534444444444445,4.129057971014492,3.8555555555555556,1.405386473429953,1.6788888888888898,-0.2735024154589367,,,
Yakutat,Southeast,temperature,2040-2069,6.851944444444445,4.129057971014492,3.8555555555555556,2.722886473429953,2.9963888888888897,-0.2735024154589367,,,
Yakutat,Southeast,temperature,2070-2099,8.35388888888889,4.129057971014492,3.8555555555555556,4.224830917874397,4.498333333333333,-0.2735024154589367,,,
Yakutat,Southeast,precipitation,2010-2039,4068.251111111111,3722.782608695652,3881.133333333333,345.46850241545917,187.11777777777797,158.3507246376812,9.279846252867841,4.821214879960612,-4.458631372907229
Yakutat,Southeast,precipitation,2040-2069,4179.56,3722.782608695652,3881.133333333333,456.7773913043484,298.4266666666672,158.3507246376812,12.269784172661886,7.689162959273078,-4.580621213388808
Yakutat,Southeast,precipitation,2070-2099,4383.655555555555,3722.782608695652,3881.133333333333,660.8729468599031,502.5222222222219,158.3507246376812,17.752122976943117,12.947821655759192,-4.8043013211839245
