site,Jan,Feb,Mar,Apr,May,Jun,Jul,Aug,Sep,Oct,Nov,Dec
Anaktuvuk Pass,-0.3452177727740775,1.0078268498959702,-0.13913043478260434,0.5947822272259238,0.07913045862446677,0.08608657505201123,-0.06347826086956765,-0.056521929865296805,-0.14608695503162308,0.8886954614390508,0.696522502069886,0.18782684989597342
Anchorage,-0.14956559886102916,0.7104349733435606,-0.4295651220238721,0.0965217868141508,-0.03739130434782556,0.08086918374766583,-0.23826106030008098,-0.0747822272259242,-0.18434744461723085,0.6234782131858496,0.6513041570912241,-0.004347826086956275
Bethel,-0.6017393211696458,1.1426083141824463,-0.22608733799146385,0.6573912089803939,0.1669564263716996,0.33217372230861386,-0.09217372230861542,-0.16260907712190154,-0.04260850491731105,0.5460869326798812,0.281738748965056,-0.2669567124739949
Bettles,-0.19130472929580833,0.9234774979301186,-0.35130358488663305,0.4373913997152572,-0.045217295936915924,0.14347807013470337,-0.2626085049173099,-0.30869584290877583,-0.2486954614390502,0.7226086002847412,0.4782601066257648,0.0034782608695671513
Deadhorse,-0.4113035848866353,0.9199992370605479,0.006956903208855891,0.5965225020698881,0.17652164376300217,0.16000009536743187,-0.09217372230861542,-0.08086975595225532,-0.060869553296462375,0.9599999999999991,0.7069572846785874,0.24000038146972713
Dillingham,-0.4008699466871182,1.066086765786876,-0.25478251332822044,0.48086951753367546,0.1739128527433964,0.34695652173912883,-0.04956559886103129,-0.030435164078422616,-0.03999999999999915,0.6295651935494464,0.3321737223086165,-0.24434801682182083
Fairbanks,-0.4443478260869611,0.44869603364363897,-0.6895654081261693,0.21304347826086956,0.2495655988610288,0.2547826086956544,-0.01913119772205718,-0.09043440113896928,-0.15999990463256797,0.5443477307195246,0.4599999999999991,-0.6747826086956543
Fort Yukon,0.19826125103494263,0.8939138064177108,-0.38000038146972415,0.16173932116964718,0.03739149508268991,-0.04260888638703797,-0.2791300533128833,-0.2652177727740739,-0.2530432875260056,0.5113041570912236,0.5573905414083704,0.19739054140837453
Galena,-0.55130511076554,1.0026094585916283,-0.3713043478260847,0.5921741037783415,0.07565207854561162,0.192174103778342,-0.23652173913043661,-0.2826088863870364,-0.28608686115430615,0.5513045385609505,0.42434782608695976,-0.1695655988610305
Glennallen,0.16869527070418755,0.5895648359215802,-0.24782570548679494,0.1469564978972726,0.20173932116964544,0.2217387489650573,-0.13478279943051596,-0.07826086956521472,-0.05043468724126399,0.5860870518891708,0.8556519831781806,0.21826048809548837
Homer,-0.20347807013470298,0.7286957475413449,-0.3999999523162838,0.07391299579454502,0.049565312758736546,0.156521739130433,-0.10086975595225489,-0.07478241796079033,-0.03739092287809953,0.5539131388456928,0.5086955568064817,-0.17130453856094974
Juneau,0.43478256101193624,-0.06434784992881415,-0.21913044670353765,0.08869584290877608,0.26608695652173964,0.28000000000000114,-0.029565598861031717,-0.03565217391304287,-0.0008699466871195938,0.2313043478260859,0.8269564740554145,0.7478261346402375
Ketchikan,0.3643478499288144,-0.1339130911619768,-0.17130444319351845,0.2582609649326493,0.5347824179607894,0.42956502665643903,0.23304347826087124,0.22695633100426882,0.18434801682182034,0.256521929865297,0.8165218344978662,0.6008695652173914
King Salmon,-0.30782646842625105,1.076521739130433,-0.2304346872412637,0.43130434782608695,0.09391285274339722,0.21304347826087167,-0.07913081625233609,-0.016522120600162893,-0.013043096791143682,0.7243478141660276,0.28347807013470216,-0.21217429451320413
Kodiak,-0.017391256664110566,0.888695664094842,-0.1513043537865514,0.38782608695652154,0.09217381767604582,0.22260831418244642,-0.03826048809549221,0.011304157091222677,-0.0121739130434797,0.8043480168218196,0.573912995794545,0.03826088148614637
Kotzebue,-1.2739138064177133,0.9069561402694006,-0.09217353157375285,0.7452170098346222,-0.0547826086956521,0.17739130434782702,-0.1869565217391287,-0.19043478260869762,-0.10000009536743182,0.7252173913043478,0.4217387489650566,-0.08695728467858643
McGrath,-0.17826125103494306,1.1434782608695642,-0.2843482075566861,0.5156522692804746,0.047826086956521685,0.17913043478260704,-0.19826106030008006,-0.17217410377834064,-0.22434801682182037,0.62782599158909,0.5660867657868742,-0.13130472929580606
Nome,-1.3269569032088562,0.9260873379914649,-0.0147826086956524,0.8373913043478254,-0.03913041094075109,0.16347835623699591,-0.20000038146972798,-0.21999961853027372,-0.12434801682182073,0.6478261346402376,0.31913062551747196,-0.17391285274339907
Talkeetna,-0.05043497334355784,0.8191308162523345,-0.4400000953674308,0.2304347587668376,0.053043668995734095,0.14608733799146378,-0.22608733799146385,-0.2739130434782613,-0.16434782608695642,0.5269565247193626,0.6391300533128819,0.03304385973059709
Tok,0.37391304347826093,0.6443478260869533,-0.4982608695652164,0.06347828471142303,0.16173893969992026,0.13652212060016033,-0.18173951190450666,-0.21565236464790694,-0.13043468724126317,0.3600000953674325,0.8573905414083711,0.48608657505201336
Unalakleet,-0.8939130434782587,1.1860869565217378,-0.13478241796078905,0.6704346872412641,0.03217400841090967,0.25826067883035186,-0.17043516407842318,-0.22347864233929293,-0.05391294811082936,0.6278260392728057,0.43913005331288346,-0.1886952707041889
Utqiagvik,-0.8069557587996776,0.8130438597306018,0.12000038146972969,0.8069561402694063,0.20434782608695645,0.18347821318584967,0.1826086956521742,0.026086908838023337,0.05130435974701575,1.0973911136129626,0.7434790238090159,0.29478260869565176
Valdez,-0.47043487797612826,-0.05652183449786641,-1.1608696129011067,-0.4304346872412641,-0.4130433828934379,-0.2791308162523336,-0.5026083141824476,-0.4886960336436381,-0.5999999999999996,0.030434877976127428,0.11304338289343852,-0.349565122023872
Yakutat,0.4973913997152577,0.298260917248933,-0.23130432398422895,0.08956512202387312,0.3060867657868753,0.31565198317817966,-0.000869565217392676,-0.00956540812616602,0.06521739130434767,0.3965216437630037,0.9147826086956521,0.7069564740554148
