site,region,tas_rough_vs_cru_c,tas_rough_vs_prism_c,pr_rough_vs_cru_log,pr_rough_vs_prism_log
Utqiagvik,North Slope,0.002683191047349345,0.0070577207197682675,0.0012910752826861948,0.0006276313234030537
Deadhorse,North Slope,0.003939539959988987,0.010759289277717144,0.0011460402768182548,0.0034536107320682625
Anaktuvuk Pass,North Slope,0.002922743759942376,0.10596528144426233,0.001631510223329316,0.06356576507234207
Kotzebue,Northwest,0.002649236369607157,0.014704783353167968,0.0007317382198728916,0.006265938925767543
Nome,Northwest,0.0025645745842570117,0.022071078002904004,0.0006591174460799994,0.0271483013423129
Unalakleet,Northwest,0.0025148199329119883,0.019805869062974074,0.0006598013368740113,0.030479868599864166
Bettles,Interior,0.0026284470072150345,0.03047621334366333,0.0009624911728728483,0.021590468589259004
Fort Yukon,Interior,0.0024455386983032444,0.01187641124954146,0.0008925593503599941,0.0032062989720001555
Fairbanks,Interior,0.003182744380489806,0.034820507013376516,0.001169208270346887,0.026297370100785485
Galena,Interior,0.003163447082843034,0.011260714063484842,0.0007289966015679407,0.014513059997749928
McGrath,Interior,0.0024133211180849662,0.03181849883647304,0.0008369868528263618,0.01569711578433266
Tok,Interior,0.0037954853667086707,0.0406725773677697,0.0008733476449005675,0.05523459535313251
Bethel,Southwest,0.0029115948643155514,0.006669840569345589,0.0005659300201695097,0.0014259273483968457
Dillingham,Southwest,0.003536235496654019,0.01341561373497896,0.0004355609093896181,0.007098960770420179
King Salmon,Southwest,0.004856238107913911,0.0146172397931162,0.0004390132911111627,0.006193929889155699
Glennallen,Southcentral,0.003180799145976836,0.0314718553093613,0.0008277032072200038,0.015254541334728804
Talkeetna,Southcentral,0.0030935766492615415,0.04504788341883561,0.001005121234369064,0.03699471123849282
Anchorage,Southcentral,0.003392847931430302,0.06842221695323646,0.0013028679312243672,0.03538321184293336
Valdez,Southcentral,0.0038634041085249945,0.28107296318473596,0.0006182409001086015,0.05763025140820708
Homer,Southcentral,0.004082527386066177,0.0414428046209627,0.000696487104967588,0.027853280886419907
Kodiak,Southcentral,0.0038840715014929732,0.0378289411535419,0.0006003346841964208,0.032136686815234586
Yakutat,Southeast,0.0018705438373009785,0.01513359993242841,0.0001110022158287819,0.003871192337571169
Juneau,Southeast,0.004502966877953131,0.1761990810703473,0.0005373122130100556,0.07536253027572014
Ketchikan,Southeast,0.004368157751561835,0.13950298204031727,0.00022013085744668838,0.08003926031807719
