site,region,component,era,baseline,gcm_hist_mean,current,delta,diff,pct_diff,pct_change_current,pct_change_delta,pp_shift
Anaktuvuk Pass,North Slope,freezing_index,2010-2039,7477.433333333333,7210.059259259259,6532.555555555556,6799.92962962963,267.3740740740741,4.0929475731237845,-12.636391869462042,-9.060645190689813,3.5757466787722283
Anaktuvuk Pass,North Slope,freezing_index,2040-2069,7477.433333333333,7210.059259259259,5662.829629629629,5930.2037037037035,267.3740740740741,4.72156309762689,-24.267734967484884,-20.691988288712658,3.5757466787722265
Anaktuvuk Pass,North Slope,freezing_index,2070-2099,7477.433333333333,7210.059259259259,4915.227777777778,5182.601851851852,267.3740740740741,5.439708720781939,-34.26584285457428,-30.69009617580205,3.57574667877223
Anaktuvuk Pass,North Slope,thawing_index,2010-2039,1864.9333333333334,1901.1203703703707,2119.9685185185185,2083.7814814814815,-36.187037037037044,-1.7069610572484046,13.675297697067908,11.734904633667767,-1.9403930634001405
Anaktuvuk Pass,North Slope,thawing_index,2040-2069,1864.9333333333334,1901.1203703703707,2411.7574074074073,2375.5703703703703,-36.187037037037044,-1.500442661682852,29.321373815368226,27.38098075196809,-1.940393063400137
Anaktuvuk Pass,North Slope,thawing_index,2070-2099,1864.9333333333334,1901.1203703703707,2751.751851851852,2715.564814814815,-36.187037037037044,-1.3150545174589119,47.5522906190669,45.611897555666765,-1.940393063400137
Anaktuvuk Pass,North Slope,heating_degree_days,2010-2039,17666.8,17364.396296296298,16470.074074074073,16772.477777777778,302.4037037037051,1.8360798035494317,-6.77386921188855,-5.062163052857457,1.7117061590310927
Anaktuvuk Pass,North Slope,heating_degree_days,2040-2069,17666.8,17364.396296296298,15316.581481481482,15618.985185185185,302.4037037037033,1.9743550743964937,-13.303023289551685,-11.591317130520604,1.7117061590310811
Anaktuvuk Pass,North Slope,heating_degree_days,2070-2099,17666.8,17364.396296296298,14246.905555555555,14549.309259259258,302.4037037037033,2.1225921834358026,-19.35774698555734,-17.64604082652626,1.7117061590310811
Anchorage,Southcentral,freezing_index,2010-2039,1910.5,1838.9574074074076,1484.9185185185186,1556.4611111111112,71.54259259259265,4.817947362119886,-22.275921564066028,-18.531216377329955,3.7447051867360734
Anchorage,Southcentral,freezing_index,2040-2069,1910.5,1838.9574074074076,1103.2259259259258,1174.7685185185187,71.54259259259288,6.484854181843845,-42.25459691568041,-38.509891728944325,3.744705186736084
Anchorage,Southcentral,freezing_index,2070-2099,1910.5,1838.9574074074076,841.6148148148148,913.1574074074074,71.54259259259254,8.500633702406303,-55.947929085851094,-52.203223899115024,3.74470518673607
Anchorage,Southcentral,thawing_index,2010-2039,3654.633333333333,3717.0944444444444,4179.787037037037,4117.325925925926,-62.46111111111168,-1.4943610896355388,14.36953192852099,12.660438144982878,-1.709093783538112
Anchorage,Southcentral,thawing_index,2040-2069,3654.633333333333,3717.0944444444444,4788.794444444445,4726.333333333333,-62.46111111111168,-1.3043180665976128,31.033513013921457,29.324419230383345,-1.709093783538112
Anchorage,Southcentral,thawing_index,2070-2099,3654.633333333333,3717.0944444444444,5425.233333333334,5362.772222222222,-62.46111111111168,-1.1513073682442845,48.44808872755134,46.73899494401323,-1.7090937835381084
Anchorage,Southcentral,heating_degree_days,2010-2039,10313.3,10181.159259259259,9372.387037037037,9504.527777777776,132.1407407407387,1.409894194707876,-9.123296742681415,-7.8420313791145775,1.2812653635668374
Anchorage,Southcentral,heating_degree_days,2040-2069,10313.3,10181.159259259259,8418.546296296296,8550.687037037036,132.1407407407405,1.5696384635774383,-18.371944030559604,-17.09067866699275,1.2812653635668525
Anchorage,Southcentral,heating_degree_days,2070-2099,10313.3,10181.159259259259,7591.72962962963,7723.870370370369,132.1407407407387,1.7405880765959958,-26.38893826777433,-25.107672904207487,1.2812653635668418
Bethel,Southwest,freezing_index,2010-2039,3053.133333333333,2979.0425925925924,2486.7203703703703,2560.811111111111,74.09074074074078,2.9794560588131493,-18.55185807901051,-16.125146479754854,2.4267115992556576
Bethel,Southwest,freezing_index,2040-2069,3053.133333333333,2979.0425925925924,1894.6777777777777,1968.7685185185185,74.09074074074078,3.9104665505519383,-37.943169494362806,-35.51645789510715,2.426711599255654
Bethel,Southwest,freezing_index,2070-2099,3053.133333333333,2979.0425925925924,1498.7037037037037,1572.7944444444443,74.09074074074056,4.943655010502892,-50.91260223255769,-48.48589063330204,2.426711599255647
Bethel,Southwest,thawing_index,2010-2039,2896.4666666666667,2969.685185185185,3354.5833333333335,3281.3648148148154,-73.21851851851807,-2.182641217792117,15.816396989435408,13.288540571782244,-2.5278564176531635
Bethel,Southwest,thawing_index,2040-2069,2896.4666666666667,2969.685185185185,3891.1796296296297,3817.9611111111117,-73.21851851851807,-1.881653521235337,34.34228932824924,31.814432910596068,-2.527856417653169
Bethel,Southwest,thawing_index,2070-2099,2896.4666666666667,2969.685185185185,4458.420370370371,4385.201851851852,-73.21851851851898,-1.6422524669300431,53.92617569810472,51.39831928045152,-2.5278564176532043
Bethel,Southwest,heating_degree_days,2010-2039,12212.633333333333,12064.857407407406,11189.172222222222,11336.948148148149,147.77592592592737,1.32070472230678,-8.380347490804153,-7.170322413554142,1.2100250772500116
Bethel,Southwest,heating_degree_days,2040-2069,12212.633333333333,12064.857407407406,10073.444444444445,10221.22037037037,147.77592592592555,1.4669850689197448,-17.51619679803336,-16.30617172078336,1.2100250772499983
Bethel,Southwest,heating_degree_days,2070-2099,12212.633333333333,12064.857407407406,9138.93888888889,9286.714814814815,147.77592592592555,1.6169921664055695,-25.168154652240794,-23.9581295749908,1.2100250772499948
Bettles,Interior,freezing_index,2010-2039,6196.2,6047.0796296296285,5442.477777777778,5591.5981481481485,149.12037037037044,2.73993530996571,-12.164265553439556,-9.757623250570532,2.406642302869024
Bettles,Interior,freezing_index,2040-2069,6196.2,6047.0796296296285,4690.314814814815,4839.435185185185,149.12037037037044,3.179325402622427,-24.30336634042131,-21.896724037552286,2.406642302869024
Bettles,Interior,freezing_index,2070-2099,6196.2,6047.0796296296285,4065.107407407407,4214.227777777778,149.1203703703709,3.6683008694590677,-34.39354108312502,-31.98689878025599,2.406642302869031
Bettles,Interior,thawing_index,2010-2039,2787.733333333333,2828.2351851851854,3089.5481481481484,3049.046296296296,-40.50185185185228,-1.3109312400950535,10.826531046064256,9.373671428267755,-1.4528596177965003
Bettles,Interior,thawing_index,2040-2069,2787.733333333333,2828.2351851851854,3432.2555555555555,3391.753703703703,-40.50185185185228,-1.1800360199372313,23.119938141700153,21.667078523903655,-1.4528596177964985
Bettles,Interior,thawing_index,2070-2099,2787.733333333333,2828.2351851851854,3821.9592592592594,3781.457407407407,-40.50185185185228,-1.059714379574575,37.09916990838171,35.64631029058521,-1.4528596177964985
Bettles,Interior,heating_degree_days,2010-2039,15476.6,15285.550000000001,14432.157407407407,14623.207407407408,191.0500000000011,1.323779907652222,-6.748527406488463,-5.514083148705739,1.234444257782724
Bettles,Interior,heating_degree_days,2040-2069,15476.6,15285.550000000001,13364.987037037037,13556.037037037038,191.0500000000011,1.429481371516213,-13.643907337289606,-12.409463079506882,1.2344442577827248
Bettles,Interior,heating_degree_days,2070-2099,15476.6,15285.550000000001,12407.331481481482,12598.381481481481,191.04999999999927,1.5398153929001597,-19.831671804650362,-18.597227546867654,1.2344442577827088
Deadhorse,North Slope,freezing_index,2010-2039,8301.1,8044.066666666666,7126.766666666666,7383.800000000001,257.03333333333467,3.606591114250053,-14.146719511068822,-11.050342725662855,3.096376785405967
Deadhorse,North Slope,freezing_index,2040-2069,8301.1,8044.066666666666,6058.138888888889,6315.172222222222,257.03333333333376,4.242777163870466,-27.020046874644464,-23.923670089238506,3.0963767854059583
Deadhorse,North Slope,freezing_index,2070-2099,8301.1,8044.066666666666,5121.842592592592,5378.875925925927,257.03333333333467,5.0183762715602835,-38.29923031173469,-35.202853526328724,3.0963767854059654
Deadhorse,North Slope,thawing_index,2010-2039,1264.9666666666667,1328.775925925926,1552.962962962963,1489.1537037037037,-63.809259259259306,-4.108871929406156,22.767105559801024,17.722762420909934,-5.04434313889109
Deadhorse,North Slope,thawing_index,2040-2069,1264.9666666666667,1328.775925925926,1838.7259259259258,1774.9166666666667,-63.80925925925908,-3.4702974684564096,45.357658377764295,40.31331523887323,-5.044343138891065
Deadhorse,North Slope,thawing_index,2070-2099,1264.9666666666667,1328.775925925926,2173.4814814814813,2109.6722222222224,-63.80925925925885,-2.9358087383272937,71.82124547272507,66.77690233383402,-5.044343138891051
Deadhorse,North Slope,heating_degree_days,2010-2039,19089.833333333332,18769.262962962963,17627.19814814815,17947.76851851852,320.57037037036935,1.818612167833646,-7.661854137988894,-5.98258138179038,1.6792727561985137
Deadhorse,North Slope,heating_degree_days,2040-2069,19089.833333333332,18769.262962962963,16275.246296296296,16595.816666666666,320.57037037036935,1.969680609032138,-14.743905763296533,-13.064633007098017,1.6792727561985163
Deadhorse,North Slope,heating_degree_days,2070-2099,19089.833333333332,18769.262962962963,15010.309259259258,15330.87962962963,320.57037037037117,2.1356679921343003,-21.370139816520524,-19.690867060322002,1.6792727561985217
Dillingham,Southwest,freezing_index,2010-2039,2147.4666666666667,2067.6814814814816,1665.3296296296296,1745.1148148148147,79.78518518518513,4.790954521293745,-22.45143286835824,-18.736116285166332,3.715316583191907
Dillingham,Southwest,freezing_index,2040-2069,2147.4666666666667,2067.6814814814816,1255.7185185185185,1335.5037037037036,79.78518518518513,6.353747596182202,-41.525587427735694,-37.810270844543794,3.7153165831918997
Dillingham,Southwest,freezing_index,2070-2099,2147.4666666666667,2067.6814814814816,985.4074074074074,1065.1925925925925,79.78518518518513,8.09666992407727,-54.113028960911734,-50.397712377719834,3.7153165831918997
Dillingham,Southwest,thawing_index,2010-2039,3159.633333333333,3229.6388888888887,3687.5814814814817,3617.5759259259257,-70.00555555555593,-1.8984137952507365,16.709158704537927,14.493535935369902,-2.215622769168025
Dillingham,Southwest,thawing_index,2040-2069,3159.633333333333,3229.6388888888887,4269.264814814815,4199.259259259258,-70.00555555555638,-1.6397566932983278,35.118995288951716,32.90337251978368,-2.2156227691680357
Dillingham,Southwest,thawing_index,2070-2099,3159.633333333333,3229.6388888888887,4865.762962962963,4795.757407407406,-70.00555555555638,-1.4387374824549022,53.99770953263447,51.78208676346644,-2.2156227691680286
Dillingham,Southwest,heating_degree_days,2010-2039,11042.1,10892.616666666667,10033.18888888889,10182.672222222222,149.48333333333176,1.4898885587499995,-9.136949593927882,-7.783191401796568,1.3537581921313144
Dillingham,Southwest,heating_degree_days,2040-2069,11042.1,10892.616666666667,9053.074074074075,9202.557407407407,149.48333333333176,1.651188669287681,-18.01311277678997,-16.659354584658658,1.3537581921313127
Dillingham,Southwest,heating_degree_days,2070-2099,11042.1,10892.616666666667,8212.66111111111,8362.144444444444,149.48333333333358,1.820157088073364,-25.62410129313165,-24.270343101000318,1.3537581921313304
Fairbanks,Interior,freezing_index,2010-2039,4778.533333333334,4707.374074074074,4163.724074074074,4234.883333333333,71.15925925925876,1.7090291766051549,-12.8660661414784,-11.37692178911243,1.4891443523659706
Fairbanks,Interior,freezing_index,2040-2069,4778.533333333334,4707.374074074074,3556.948148148148,3628.107407407407,71.15925925925922,2.0005706098444764,-25.564019333376745,-24.074874981010765,1.4891443523659795
Fairbanks,Interior,freezing_index,2070-2099,4778.533333333334,4707.374074074074,3051.1203703703704,3122.27962962963,71.15925925925967,2.332233757484362,-36.149438383387434,-34.660294031021444,1.4891443523659902
Fairbanks,Interior,thawing_index,2010-2039,3587.5,3607.2944444444447,3927.925925925926,3908.1314814814814,-19.794444444444707,-0.5039413883493381,9.48922441605369,8.937462898438506,-0.5517615176151835
Fairbanks,Interior,thawing_index,2040-2069,3587.5,3607.2944444444447,4328.7444444444445,4308.95,-19.794444444444707,-0.4572791186564294,20.661866047231904,20.11010452961672,-0.5517615176151835
Fairbanks,Interior,thawing_index,2070-2099,3587.5,3607.2944444444447,4766.961111111111,4747.166666666667,-19.794444444443798,-0.4152424150955575,32.876964769647685,32.32520325203253,-0.5517615176151551
Fairbanks,Interior,heating_degree_days,2010-2039,13285.633333333333,13188.975925925926,12350.625925925926,12447.283333333333,96.65740740740694,0.7826114076089673,-7.037733045525924,-6.310199739568308,0.7275333059576159
Fairbanks,Interior,heating_degree_days,2040-2069,13285.633333333333,13188.975925925926,11394.907407407407,11491.564814814816,96.65740740740875,0.8482509243083042,-14.231357124557553,-13.50382381859992,0.7275333059576319
Fairbanks,Interior,heating_degree_days,2070-2099,13285.633333333333,13188.975925925926,10544.916666666666,10641.574074074075,96.65740740740875,0.9166256165205234,-20.629175876698895,-19.901642570741267,0.7275333059576283
Fort Yukon,Interior,freezing_index,2010-2039,6411.566666666667,6287.43888888889,5657.785185185186,5781.912962962963,124.12777777777774,2.193928785115494,-11.756588064510717,-9.820590449089977,1.9359976154207406
Fort Yukon,Interior,freezing_index,2040-2069,6411.566666666667,6287.43888888889,4956.162962962963,5080.290740740741,124.12777777777774,2.5045136470567124,-22.699657967689177,-20.763660352268435,1.9359976154207423
Fort Yukon,Interior,freezing_index,2070-2099,6411.566666666667,6287.43888888889,4317.22962962963,4441.357407407408,124.12777777777774,2.8751720067395747,-32.66498105565,-30.728983440229257,1.9359976154207459
Fort Yukon,Interior,thawing_index,2010-2039,3266.3333333333335,3311.727777777778,3578.0,3532.6055555555554,-45.394444444444616,-1.2687100180113084,9.541789978569236,8.15202231520222,-1.3897676633670155
Fort Yukon,Interior,thawing_index,2040-2069,3266.3333333333335,3311.727777777778,3931.4962962962964,3886.1018518518517,-45.394444444444616,-1.15463530989992,20.36420949983558,18.974441836468564,-1.3897676633670173
Fort Yukon,Interior,thawing_index,2070-2099,3266.3333333333335,3311.727777777778,4309.944444444444,4264.55,-45.39444444444416,-1.0532489462354437,31.950539170663664,30.560771507296664,-1.3897676633669995
Fort Yukon,Interior,heating_degree_days,2010-2039,15250.833333333334,15078.487037037037,14211.098148148149,14383.444444444447,172.34629629629853,1.212758468765885,-6.8175630961271105,-5.687485201172964,1.1300778949541463
Fort Yukon,Interior,heating_degree_days,2040-2069,15250.833333333334,15078.487037037037,13214.903703703703,13387.250000000002,172.34629629629853,1.3041812499019234,-13.349628739170301,-12.219550844216153,1.1300778949541481
Fort Yukon,Interior,heating_degree_days,2070-2099,15250.833333333334,15078.487037037037,12285.37962962963,12457.725925925928,172.34629629629853,1.4028569038325622,-19.4445355141492,-18.314457619195053,1.1300778949541481
Galena,Interior,freezing_index,2010-2039,4884.333333333333,4788.416666666667,4223.235185185185,4319.1518518518515,95.91666666666606,2.271165645785843,-13.535074349583313,-11.57131266255678,1.9637616870265333
Galena,Interior,freezing_index,2040-2069,4884.333333333333,4788.416666666667,3477.75,3573.666666666666,95.91666666666606,2.7580092492751365,-28.79785709411042,-26.834095407083883,1.9637616870265369
Galena,Interior,freezing_index,2070-2099,4884.333333333333,4788.416666666667,2911.55,3007.4666666666667,95.91666666666652,3.2943506608736417,-40.390022520985454,-38.426260833958914,1.9637616870265404
Galena,Interior,thawing_index,2010-2039,3064.3,3123.0962962962963,3427.7074074074076,3368.9111111111115,-58.79629629629608,-1.715324247607454,11.859393904232855,9.940642597366814,-1.9187513068660405
Galena,Interior,thawing_index,2040-2069,3064.3,3123.0962962962963,3837.6111111111113,3778.8148148148152,-58.79629629629608,-1.5321066828804513,25.236142385246584,23.317391078380542,-1.9187513068660422
Galena,Interior,thawing_index,2070-2099,3064.3,3123.0962962962963,4297.12962962963,4238.333333333333,-58.79629629629653,-1.3682690857376858,40.23201480369511,38.31326349682906,-1.9187513068660493
Galena,Interior,heating_degree_days,2010-2039,13888.466666666667,13733.487037037037,12876.827777777778,13031.807407407408,154.97962962962993,1.20355441809268,-7.2840214342516,-6.168134177945672,1.1158872563059283
Galena,Interior,heating_degree_days,2040-2069,13888.466666666667,13733.487037037037,11751.064814814816,11906.044444444446,154.97962962962993,1.3188560532339488,-15.389761182073265,-14.273873925767338,1.1158872563059266
Galena,Interior,heating_degree_days,2070-2099,13888.466666666667,13733.487037037037,10791.396296296296,10946.375925925928,154.97962962963175,1.4361406566342314,-22.299584574037723,-21.18369731773178,1.1158872563059425
Glennallen,Southcentral,freezing_index,2010-2039,3924.0,3862.562962962964,3435.4796296296295,3496.9166666666665,61.437037037037044,1.7883103281174284,-12.449550722996191,-10.883876996262321,1.5656737267338698
Glennallen,Southcentral,freezing_index,2040-2069,3924.0,3862.562962962964,2946.501851851852,3007.938888888889,61.437037037037044,2.0850839444891025,-24.910758107750972,-23.345084381017102,1.5656737267338698
Glennallen,Southcentral,freezing_index,2070-2099,3924.0,3862.562962962964,2557.461111111111,2618.8981481481483,61.437037037037044,2.402266715615675,-34.82515007362102,-33.25947634688715,1.5656737267338698
Glennallen,Southcentral,thawing_index,2010-2039,2922.9,2985.9518518518516,3323.509259259259,3260.4574074074076,-63.05185185185155,-1.8971468689665842,13.705883172850903,11.548715570406358,-2.157167602444545
Glennallen,Southcentral,thawing_index,2040-2069,2922.9,2985.9518518518516,3757.203703703704,3694.151851851852,-63.05185185185201,-1.6781589933411907,28.543696455701657,26.3865288532571,-2.157167602444556
Glennallen,Southcentral,thawing_index,2070-2099,2922.9,2985.9518518518516,4222.759259259259,4159.707407407407,-63.05185185185201,-1.4931434159690251,44.47156109546201,42.31439349301745,-2.1571676024445594
Glennallen,Southcentral,heating_degree_days,2010-2039,13055.833333333334,12934.403703703703,12174.048148148147,12295.477777777778,121.42962962963065,0.9974466024113917,-6.753955589597394,-5.823876087742817,0.9300795018545776
Glennallen,Southcentral,heating_degree_days,2040-2069,13055.833333333334,12934.403703703703,11272.444444444445,11393.874074074074,121.42962962962883,1.0772253545190429,-13.659709367885789,-12.729629866031223,0.930079501854566
Glennallen,Southcentral,heating_degree_days,2070-2099,13055.833333333334,12934.403703703703,10465.592592592593,10587.022222222222,121.42962962962883,1.1602747628029693,-19.839719722275415,-18.909640220420847,0.9300795018545678
Homer,Southcentral,freezing_index,2010-2039,954.0,930.5407407407407,681.9592592592593,705.4185185185186,23.459259259259284,3.439979579533917,-28.5158009162202,-26.056759065144803,2.4590418510753977
Homer,Southcentral,freezing_index,2040-2069,954.0,930.5407407407407,453.60925925925926,477.0859259259259,23.47666666666663,5.175526334053203,-52.45185961642984,-49.99099308952559,2.4608665269042547
Homer,Southcentral,freezing_index,2070-2099,954.0,930.5407407407407,307.02037037037036,330.66703703703706,23.646666666666704,7.701986235682288,-67.81757124000312,-65.33888500659988,2.478686233403238
Homer,Southcentral,thawing_index,2010-2039,3439.0666666666666,3485.8518518518517,4021.133333333333,3974.348148148148,-46.78518518518513,-1.1634825634195616,16.925134726476173,15.564731171678792,-1.3604035547973812
Homer,Southcentral,thawing_index,2040-2069,3439.0666666666666,3485.8518518518517,4733.455555555555,4686.670370370371,-46.78518518518467,-0.9883938834130154,37.63779578438594,36.27739222958857,-1.3604035547973723
Homer,Southcentral,thawing_index,2070-2099,3439.0666666666666,3485.8518518518517,5407.220370370371,5360.435185185185,-46.78518518518558,-0.8652354071151164,57.22929778535952,55.86889423056213,-1.3604035547973936
Homer,Southcentral,heating_degree_days,2010-2039,9568.833333333334,9498.68148148148,8714.585185185186,8784.737037037037,70.15185185185146,0.8049935867413376,-8.92740126607021,-8.1942726869834,0.7331285790868094
Homer,Southcentral,heating_degree_days,2040-2069,9568.833333333334,9498.68148148148,7782.072222222222,7852.224074074074,70.15185185185237,0.9014546492067899,-18.672716399886212,-17.939587820799396,0.7331285790868165
Homer,Southcentral,heating_degree_days,2070-2099,9568.833333333334,9498.68148148148,6985.738888888889,7055.8907407407405,70.15185185185146,1.0042152013930972,-26.994873402655617,-26.261744823568808,0.7331285790868094
Juneau,Southeast,freezing_index,2010-2039,816.7333333333333,788.8685185185185,595.1888888888889,623.0537037037037,27.86481481481485,4.681675907430575,-27.12567681549806,-23.713937184266136,3.4117396312319244
Juneau,Southeast,freezing_index,2040-2069,816.7333333333333,788.8685185185185,417.3462962962963,445.2333950617284,27.887098765432086,6.682004611737,-48.90054326630932,-45.486075210791554,3.4144680555177658
Juneau,Southeast,freezing_index,2070-2099,816.7333333333333,788.8685185185185,301.81851851851854,329.68333333333334,27.864814814814792,9.232307862217905,-63.04564706735958,-59.633907436127664,3.4117396312319173
Juneau,Southeast,thawing_index,2010-2039,3737.733333333333,3774.82962962963,4302.938888888889,4265.842592592592,-37.096296296296714,-0.862115341495723,15.12161262321788,14.129131539415843,-0.992481083802037
Juneau,Southeast,thawing_index,2040-2069,3737.733333333333,3774.82962962963,4990.1092592592595,4953.012962962963,-37.096296296296714,-0.7433964742848808,33.50629416917365,32.51381308537161,-0.9924810838020406
Juneau,Southeast,thawing_index,2070-2099,3737.733333333333,3774.82962962963,5647.092592592592,5609.996296296295,-37.096296296296714,-0.6569096519677522,51.083346214976785,50.09086513117475,-0.9924810838020335
Juneau,Southeast,heating_degree_days,2010-2039,9133.7,9069.064814814816,8349.562962962964,8414.198148148149,64.63518518518504,0.7741145910497848,-8.585097354161366,-7.877441254385975,0.7076560997753916
Juneau,Southeast,heating_degree_days,2040-2069,9133.7,9069.064814814816,7500.040740740741,7564.675925925926,64.63518518518504,0.8617977877651015,-17.88606215727755,-17.17840605750216,0.7076560997753916
Juneau,Southeast,heating_degree_days,2070-2099,9133.7,9069.064814814816,6765.975925925926,6830.611111111111,64.63518518518504,0.9552972977263393,-25.922945510297843,-25.215289410522452,0.7076560997753916
King Salmon,Southwest,freezing_index,2010-2039,1804.9666666666667,1753.2555555555555,1401.1277777777777,1452.838888888889,51.71111111111122,3.6906777476873867,-22.373758825955548,-19.508824416578943,2.8649344093766054
King Salmon,Southwest,freezing_index,2040-2069,1804.9666666666667,1753.2555555555555,1051.4314814814816,1103.1425925925926,51.711111111110995,4.9181627164377195,-41.747872639486516,-38.88293823010993,2.8649344093765876
King Salmon,Southwest,freezing_index,2070-2099,1804.9666666666667,1753.2555555555555,817.8833333333333,869.6714814814817,51.788148148148366,6.331972548833171,-54.687067166522006,-51.81786469843497,2.869202468087039
King Salmon,Southwest,thawing_index,2010-2039,3229.3,3300.7166666666662,3771.7203703703703,3700.3037037037047,-71.4166666666656,-1.893477237276016,16.79684050321649,14.58531891443051,-2.2115215887859794
King Salmon,Southwest,thawing_index,2040-2069,3229.3,3300.7166666666662,4386.4425925925925,4315.025925925926,-71.41666666666697,-1.6281226793499737,35.832613649787646,33.62109206100162,-2.2115215887860273
King Salmon,Southwest,thawing_index,2070-2099,3229.3,3300.7166666666662,4993.677777777778,4922.261111111111,-71.41666666666697,-1.4301416680202361,54.636539738574236,52.42501814978821,-2.2115215887860273
King Salmon,Southwest,heating_degree_days,2010-2039,10629.8,10506.962962962964,9684.294444444444,9807.13148148148,122.83703703703577,1.2684149345283824,-8.894857434340773,-7.739266199914577,1.155591234426196
King Salmon,Southwest,heating_degree_days,2040-2069,10629.8,10506.962962962964,8729.22037037037,8852.057407407407,122.83703703703577,1.4071936762414894,-17.879730847519507,-16.72413961309331,1.155591234426197
King Salmon,Southwest,heating_degree_days,2070-2099,10629.8,10506.962962962964,7910.831481481481,8033.668518518519,122.83703703703759,1.5527702407084216,-25.578736368685377,-24.423145134259165,1.1555912344262111
Kodiak,Southcentral,freezing_index,2010-2039,601.3666666666667,553.5333333333333,392.44444444444446,440.27777777777777,47.833333333333314,12.188561721404298,-34.741237551503055,-26.787133011843395,7.95410453965966
Kodiak,Southcentral,freezing_index,2040-2069,601.3666666666667,553.5333333333333,250.66666666666666,298.49999999999994,47.833333333333286,19.08244680851062,-58.31716645418769,-50.363061914528025,7.954104539659667
Kodiak,Southcentral,freezing_index,2070-2099,601.3666666666667,553.5333333333333,167.75,215.58333333333334,47.83333333333334,28.514654744162943,-72.10520481126323,-64.15110027160357,7.954104539659667
Kodiak,Southcentral,thawing_index,2010-2039,3202.5666666666666,3214.851851851852,3695.016666666667,3682.7314814814813,-12.285185185185583,-0.3324798314446642,15.37672908188225,14.993124727504439,-0.3836043543778107
Kodiak,Southcentral,thawing_index,2040-2069,3202.5666666666666,3214.851851851852,4338.8388888888885,4326.553703703704,-12.285185185184673,-0.2831445347428128,35.480048988484924,35.096444634107144,-0.3836043543777805
Kodiak,Southcentral,thawing_index,2070-2099,3202.5666666666666,3214.851851851852,4939.457407407407,4927.172222222222,-12.285185185184673,-0.2487152772440414,54.23433519179638,53.85073083741861,-0.3836043543777734
Kodiak,Southcentral,heating_degree_days,2010-2039,9453.466666666667,9392.662962962966,8750.627777777778,8811.431481481482,60.80370370370474,0.6948496181967169,-7.43472118399835,-6.791531697562636,0.6431894864357135
Kodiak,Southcentral,heating_degree_days,2040-2069,9453.466666666667,9392.662962962966,7968.57037037037,8029.374074074076,60.80370370370565,0.7630440703616396,-15.7074261607343,-15.064236674298577,0.6431894864357233
Kodiak,Southcentral,heating_degree_days,2070-2099,9453.466666666667,9392.662962962966,7292.157407407408,7352.961111111112,60.80370370370383,0.8338232474512843,-22.862610463102698,-22.219420976666996,0.643189486435702
Kotzebue,Northwest,freezing_index,2010-2039,5496.666666666667,5305.15,4583.475925925926,4774.992592592593,191.51666666666642,4.178415459397823,-16.613536823664173,-13.129303955259083,3.4842328684050905
Kotzebue,Northwest,freezing_index,2040-2069,5496.666666666667,5305.15,3640.3333333333335,3831.8500000000004,191.51666666666688,5.260965113084888,-33.77198302001213,-30.28775015160703,3.4842328684050976
Kotzebue,Northwest,freezing_index,2070-2099,5496.666666666667,5305.15,2940.3888888888887,3131.905555555556,191.51666666666733,6.513310786555089,-46.50596321002629,-43.02173034162118,3.4842328684051083
Kotzebue,Northwest,thawing_index,2010-2039,2226.8,2309.753703703703,2602.177777777778,2519.2240740740745,-82.95370370370347,-3.187856894794664,16.85727401552801,13.132031348754905,-3.725242666773104
Kotzebue,Northwest,thawing_index,2040-2069,2226.8,2309.753703703703,3003.614814814815,2920.661111111111,-82.95370370370392,-2.7617956634968306,34.884803970487454,31.159561303714334,-3.72524266677312
Kotzebue,Northwest,thawing_index,2070-2099,2226.8,2309.753703703703,3497.2703703703705,3414.3166666666666,-82.95370370370392,-2.3719556945469704,57.053636176143804,53.328393509370684,-3.72524266677312
Kotzebue,Northwest,heating_degree_days,2010-2039,15326.266666666666,15051.18148148148,14038.544444444444,14313.629629629631,275.0851851851876,1.9594993360871444,-8.402060659840336,-6.607199646600401,1.7948610132399345
Kotzebue,Northwest,heating_degree_days,2040-2069,15326.266666666666,15051.18148148148,12703.751851851852,12978.83703703704,275.0851851851876,2.1653853790058712,-17.111243539292985,-15.316382526053053,1.7948610132399327
Kotzebue,Northwest,heating_degree_days,2070-2099,15326.266666666666,15051.18148148148,11537.894444444444,11812.979629629632,275.0851851851876,2.3841887834018323,-24.718167213295406,-22.92330620005547,1.7948610132399345
McGrath,Interior,freezing_index,2010-2039,4465.133333333333,4353.275925925926,3812.9240740740743,3924.7814814814815,111.85740740740721,2.9336384683865107,-14.606714079294212,-12.101583794105105,2.5051302851891073
McGrath,Interior,freezing_index,2040-2069,4465.133333333333,4353.275925925926,3177.196296296296,3289.053703703704,111.85740740740766,3.5206325633012185,-28.844313056057388,-26.33918277086827,2.505130285189118
McGrath,Interior,freezing_index,2070-2099,4465.133333333333,4353.275925925926,2666.225925925926,2778.0833333333335,111.85740740740766,4.195346175270645,-40.2878766010886,-37.78274631589948,2.505130285189118
McGrath,Interior,thawing_index,2010-2039,3206.4666666666667,3257.0129629629632,3593.237037037037,3542.6907407407407,-50.54629629629653,-1.406706425857636,12.06219838151144,10.485812235921388,-1.5763861455900514
McGrath,Interior,thawing_index,2040-2069,3206.4666666666667,3257.0129629629632,4034.1,3983.553703703704,-50.54629629629608,-1.2529757888078152,25.81138116722456,24.23499502163452,-1.576386145590039
McGrath,Interior,thawing_index,2070-2099,3206.4666666666667,3257.0129629629632,4505.998148148148,4455.451851851852,-50.54629629629653,-1.1217558160131467,40.5284575383542,38.952071392764154,-1.5763861455900496
McGrath,Interior,heating_degree_days,2010-2039,13325.033333333333,13162.314814814816,12297.051851851851,12459.77037037037,162.71851851851898,1.3232319459888646,-7.714663489133099,-6.493514434957983,1.2211490541751164
McGrath,Interior,heating_degree_days,2040-2069,13325.033333333333,13162.314814814816,11254.18888888889,11416.907407407407,162.71851851851716,1.445848475843221,-15.541007610570905,-14.3198585563958,1.221149054175104
McGrath,Interior,heating_degree_days,2070-2099,13325.033333333333,13162.314814814816,10337.248148148148,10499.966666666667,162.71851851851898,1.5740989883044354,-22.422346799771745,-21.201197745596627,1.2211490541751182
Nome,Northwest,freezing_index,2010-2039,4216.866666666667,4059.768518518519,3423.8722222222223,3580.9703703703703,157.09814814814808,4.588318078242577,-18.80530040735881,-15.0798293273749,3.72547107998391
Nome,Northwest,freezing_index,2040-2069,4216.866666666667,4059.768518518519,2588.140740740741,2745.238888888889,157.09814814814808,6.0699229247937145,-38.624079314639445,-34.89860823465553,3.7254710799839117
Nome,Northwest,freezing_index,2070-2099,4216.866666666667,4059.768518518519,2019.0518518518518,2176.1500000000005,157.09814814814877,7.780788195412619,-52.11961839315482,-48.394147313170905,3.725471079983919
Nome,Northwest,thawing_index,2010-2039,2165.4333333333334,2235.024074074074,2555.0685185185184,2485.4777777777776,-69.59074074074078,-2.7236350116000385,17.99340479281368,14.779695108497647,-3.2137096843160347
Nome,Northwest,thawing_index,2040-2069,2165.4333333333334,2235.024074074074,3031.053703703704,2961.462962962963,-69.59074074074078,-2.2959256926298104,39.97446409665673,36.7607544123407,-3.2137096843160293
Nome,Northwest,thawing_index,2070-2099,2165.4333333333334,2235.024074074074,3581.0851851851853,3511.4944444444445,-69.59074074074078,-1.9432863822573967,65.37499123432656,62.16128155001052,-3.2137096843160364
Nome,Northwest,heating_degree_days,2010-2039,14106.1,13878.985185185184,12922.77037037037,13149.885185185185,227.11481481481496,1.7574777567474937,-8.388779532469147,-6.778732710067384,1.6100468224017632
Nome,Northwest,heating_degree_days,2040-2069,14106.1,13878.985185185184,11616.118518518519,11843.233333333334,227.11481481481496,1.955169572803054,-17.651806533921366,-16.041759711519603,1.6100468224017632
Nome,Northwest,heating_degree_days,2070-2099,14106.1,13878.985185185184,10511.774074074074,10738.888888888889,227.11481481481496,2.1605754957668295,-25.480649690034287,-23.870602867632527,1.6100468224017597
Talkeetna,Southcentral,freezing_index,2010-2039,2557.1666666666665,2483.2814814814815,2072.9574074074076,2146.8425925925926,73.88518518518504,3.564240390138612,-18.935381317575143,-16.046043436384302,2.8893378811908406
Talkeetna,Southcentral,freezing_index,2040-2069,2557.1666666666665,2483.2814814814815,1637.0,1710.8851851851853,73.88518518518526,4.513450530554994,-35.98383627712963,-33.094498395938786,2.8893378811908477
Talkeetna,Southcentral,freezing_index,2070-2099,2557.1666666666665,2483.2814814814815,1304.8018518518518,1378.687037037037,73.88518518518526,5.6625598040287155,-48.974704353052786,-46.08536647186194,2.8893378811908477
Talkeetna,Southcentral,thawing_index,2010-2039,3467.9,3529.314814814815,3939.5777777777776,3878.1629629629624,-61.414814814815145,-1.558918703451967,13.60125083704194,11.83029969038791,-1.7709511466540295
Talkeetna,Southcentral,thawing_index,2040-2069,3467.9,3529.314814814815,4476.081481481481,4414.666666666667,-61.414814814814235,-1.3720665065839537,29.071815262305176,27.300864115651166,-1.77095114665401
Talkeetna,Southcentral,thawing_index,2070-2099,3467.9,3529.314814814815,5077.3388888888885,5015.924074074074,-61.414814814814235,-1.2095866783525668,46.40961068337866,44.63865953672465,-1.7709511466540064
Talkeetna,Southcentral,heating_degree_days,2010-2039,11151.033333333333,11020.166666666666,10211.190740740742,10342.057407407407,130.86666666666497,1.2816004517918897,-8.42830044981713,-7.254717134668473,1.1735833151486563
Talkeetna,Southcentral,heating_degree_days,2040-2069,11151.033333333333,11020.166666666666,9278.440740740742,9409.307407407407,130.86666666666497,1.410438136356705,-16.792996098351942,-15.61941278320329,1.1735833151486528
Talkeetna,Southcentral,heating_degree_days,2070-2099,11151.033333333333,11020.166666666666,8421.787037037036,8552.653703703703,130.8666666666668,1.5539061495042086,-24.47527699641854,-23.301693681269864,1.1735833151486759
Tok,Interior,freezing_index,2010-2039,5378.6,5326.998148148148,4817.498148148148,4869.1,51.60185185185219,1.07113381811445,-10.4321171280975,-9.472725244487412,0.9593918836100883
Tok,Interior,freezing_index,2040-2069,5378.6,5326.998148148148,4291.881481481481,4343.483333333334,51.60185185185219,1.2023130665304427,-20.20448664184953,-19.245094758239446,0.9593918836100848
Tok,Interior,freezing_index,2070-2099,5378.6,5326.998148148148,3835.262962962963,3886.864814814815,51.60185185185219,1.3454579868491408,-28.694028874373213,-27.73463699076312,0.9593918836100919
Tok,Interior,thawing_index,2010-2039,3155.8333333333335,3194.6814814814816,3490.5925925925926,3451.744444444445,-38.84814814814763,-1.1129384801476838,10.60763430449197,9.37663938033625,-1.2309949241557199
Tok,Interior,thawing_index,2040-2069,3155.8333333333335,3194.6814814814816,3874.2703703703705,3835.4222222222224,-38.848148148148084,-1.0027216594187849,22.765366898453774,21.534371974298036,-1.2309949241557376
Tok,Interior,thawing_index,2070-2099,3155.8333333333335,3194.6814814814816,4284.940740740741,4246.092592592592,-38.84814814814854,-0.9066204295145709,35.77842326086318,34.547428336707426,-1.2309949241557518
Tok,Interior,heating_degree_days,2010-2039,14290.366666666667,14198.981481481482,13407.212962962964,13498.598148148149,91.38518518518504,0.681612095203037,-6.180063285316005,-5.540575248956884,0.6394880363591211
Tok,Interior,heating_degree_days,2040-2069,14290.366666666667,14198.981481481482,12533.587037037038,12624.972222222223,91.38518518518504,0.7291223567135228,-12.293453839273747,-11.653965802914627,0.6394880363591202
Tok,Interior,heating_degree_days,2070-2099,14290.366666666667,14198.981481481482,11736.937037037036,11828.322222222223,91.38518518518686,0.7786118720481511,-17.868188334073285,-17.228700297714152,0.6394880363591326
Unalakleet,Northwest,freezing_index,2010-2039,4249.0,4154.366666666666,3565.5962962962963,3660.2296296296286,94.6333333333323,2.654067523898628,-16.08387158634276,-13.85668087480281,2.227190711539949
Unalakleet,Northwest,freezing_index,2040-2069,4249.0,4154.366666666666,2829.2277777777776,2923.861111111111,94.63333333333321,3.344846748523837,-33.41426740932508,-31.187076697785102,2.2271907115399756
Unalakleet,Northwest,freezing_index,2070-2099,4249.0,4154.366666666666,2285.890740740741,2380.524074074074,94.63333333333321,4.139888737756003,-46.20167708306093,-43.97448637152097,2.2271907115399614
Unalakleet,Northwest,thawing_index,2010-2039,2814.9333333333334,2880.6111111111113,3215.011111111111,3149.3333333333335,-65.67777777777746,-2.0428476141433665,14.212691044587586,11.879499810534295,-2.3331912340532917
Unalakleet,Northwest,thawing_index,2040-2069,2814.9333333333334,2880.6111111111113,3663.3537037037036,3597.675925925926,-65.67777777777746,-1.7928320083145748,30.139980948170596,27.806789714117304,-2.3331912340532917
Unalakleet,Northwest,thawing_index,2070-2099,2814.9333333333334,2880.6111111111113,4167.8,4102.122222222222,-65.67777777777792,-1.575838038720138,48.06034482758621,45.727153593532904,-2.3331912340533094
Unalakleet,Northwest,heating_degree_days,2010-2039,13491.466666666667,13331.046296296297,12411.955555555556,12572.375925925926,160.4203703703697,1.2924665227194276,-8.001436298829217,-6.812385661608879,1.1890506372203387
Unalakleet,Northwest,heating_degree_days,2040-2069,13491.466666666667,13331.046296296297,11243.487037037037,11403.907407407407,160.4203703703697,1.426784856352223,-16.662233137214855,-15.473182499994515,1.1890506372203404
Unalakleet,Northwest,heating_degree_days,2070-2099,13491.466666666667,13331.046296296297,10236.14074074074,10396.56111111111,160.4203703703697,1.5671958253942575,-24.12877714747539,-22.93972651025505,1.1890506372203404
Utqiagvik,North Slope,freezing_index,2010-2039,8394.166666666666,8115.431481481482,7007.7555555555555,7286.490740740741,278.7351851851854,3.9775243724677556,-16.516363877031004,-13.195781903217615,3.3205819738133897
Utqiagvik,North Slope,freezing_index,2040-2069,8394.166666666666,8115.431481481482,5726.62962962963,6005.364814814815,278.7351851851854,4.867351360440829,-31.778461674222616,-28.45787970040923,3.320581973813386
Utqiagvik,North Slope,freezing_index,2070-2099,8394.166666666666,8115.431481481482,4638.075925925926,4916.811111111111,278.7351851851854,6.009715874358824,-44.746439877781086,-41.425857903967696,3.3205819738133897
Utqiagvik,North Slope,thawing_index,2010-2039,752.7666666666667,804.2759259259259,1015.662962962963,964.1537037037036,-51.50925925925935,-5.071491344824954,34.92400871845587,28.081349294208515,-6.842659424247358
Utqiagvik,North Slope,thawing_index,2040-2069,752.7666666666667,804.2759259259259,1327.037037037037,1275.5277777777778,-51.509259259259125,-3.881523862684891,76.28796489001067,69.44530546576334,-6.84265942424733
Utqiagvik,North Slope,thawing_index,2070-2099,752.7666666666667,804.2759259259259,1699.2351851851852,1647.7259259259258,-51.50925925925935,-3.0313201908919862,125.73199112410023,118.88933169985287,-6.842659424247358
Utqiagvik,North Slope,heating_degree_days,2010-2039,19695.233333333334,19364.996296296296,18044.82962962963,18375.066666666666,330.2370370370372,1.8300922968803632,-8.379711353358115,-6.702975508456368,1.6767358449017467
Utqiagvik,North Slope,heating_degree_days,2040-2069,19695.233333333334,19364.996296296296,16453.62962962963,16783.866666666665,330.2370370370336,2.007077128090595,-16.458823558172462,-14.782087713270734,1.676735844901728
Utqiagvik,North Slope,heating_degree_days,2070-2099,19695.233333333334,19364.996296296296,14993.225925925926,15323.462962962964,330.2370370370372,2.202574940633685,-23.873834484862194,-22.197098639960448,1.6767358449017458
Valdez,Southcentral,freezing_index,2010-2039,2732.4,2651.2481481481477,2249.8185185185184,2330.9703703703703,81.15185185185192,3.6070399093918715,-17.661450793495888,-14.691466462803021,2.969984330692867
Valdez,Southcentral,freezing_index,2040-2069,2732.4,2651.2481481481477,1783.2,1864.351851851852,81.15185185185192,4.550911386936514,-34.73869126043039,-31.768706929737526,2.969984330692867
Valdez,Southcentral,freezing_index,2070-2099,2732.4,2651.2481481481477,1453.5481481481481,1534.7,81.15185185185192,5.5830178006309,-46.80324446830083,-43.833260137607965,2.969984330692867
Valdez,Southcentral,thawing_index,2010-2039,2513.0,2570.709259259259,2928.064814814815,2870.3555555555554,-57.7092592592594,-1.9709010185592226,16.516705722833855,14.220276782950872,-2.2964289398829827
Valdez,Southcentral,thawing_index,2040-2069,2513.0,2570.709259259259,3400.590740740741,3342.881481481481,-57.70925925925985,-1.6970362992486774,35.31996580743099,33.02353686754799,-2.2964289398830005
Valdez,Southcentral,thawing_index,2070-2099,2513.0,2570.709259259259,3903.5481481481484,3845.8388888888885,-57.70925925925985,-1.4783795938737747,55.33418814755863,53.03775920767563,-2.2964289398830005
Valdez,Southcentral,heating_degree_days,2010-2039,12273.033333333333,12134.668518518518,11375.581481481482,11513.946296296297,138.36481481481496,1.2163317984233297,-7.312388286393618,-6.184999391921876,1.1273888944717418
Valdez,Southcentral,heating_degree_days,2040-2069,12273.033333333333,12134.668518518518,10444.722222222223,10583.087037037038,138.36481481481496,1.3247342712516526,-14.896978289348002,-13.769589394876261,1.127388894471741
Valdez,Southcentral,heating_degree_days,2070-2099,12273.033333333333,12134.668518518518,9631.755555555555,9770.12037037037,138.36481481481496,1.4365482389657067,-21.52098593755234,-20.393597043080597,1.1273888944717427
Yakutat,Southeast,freezing_index,2010-2039,790.2333333333333,774.0907407407408,587.8555555555556,603.9981481481482,16.142592592592564,2.74601344497577,-25.60987612660114,-23.567113323303477,2.042762803297663
Yakutat,Southeast,freezing_index,2040-2069,790.2333333333333,774.0907407407408,419.7574074074074,435.9389506172839,16.18154320987651,3.8549750223159385,-46.88183986914319,-44.83414806378489,2.047691805358305
Yakutat,Southeast,freezing_index,2070-2099,790.2333333333333,774.0907407407408,305.79814814814813,321.94074074074075,16.14259259259262,5.278839224615618,-61.302803203929464,-59.26004040063179,2.042762803297677
Yakutat,Southeast,thawing_index,2010-2039,3568.1666666666665,3647.768518518519,4090.935185185185,4011.3333333333335,-79.60185185185173,-1.945810633718177,14.650899673553702,12.420010276052137,-2.2308893975015653
Yakutat,Southeast,thawing_index,2040-2069,3568.1666666666665,3647.768518518519,4688.470370370371,4608.868518518519,-79.60185185185219,-1.697821369521931,31.397179794582772,29.166290397081195,-2.2308893975015778
Yakutat,Southeast,thawing_index,2070-2099,3568.1666666666665,3647.768518518519,5243.15,5163.548148148148,-79.60185185185128,-1.5182066477566212,46.94240739875753,44.711518001255975,-2.2308893975015565
Yakutat,Southeast,heating_degree_days,2010-2039,9276.033333333333,9180.664814814816,8550.814814814816,8646.183333333332,95.3685185185168,1.115314979729007,-7.818196555120728,-6.790079092715641,1.0281174624050875
Yakutat,Southeast,heating_degree_days,2040-2069,9276.033333333333,9180.664814814816,7790.327777777778,7885.696296296296,95.36851851851861,1.2241913464868723,-16.016604319614583,-14.988486857209477,1.0281174624051062
Yakutat,Southeast,heating_degree_days,2070-2099,9276.033333333333,9180.664814814816,7136.029629629629,7231.398148148147,95.3685185185177,1.3364366947488064,-23.070245942450658,-22.04212848004556,1.028117462405099
