site,region,variable,period,prism,cru_2km_1961_1990,diff,pct_diff
Utqiagvik,North Slope,tas,Jan,-25.200000762939453,-25.20333333333333,-0.003332570393876466,0.013224485289609724
Utqiagvik,North Slope,tas,Feb,-27.600000381469727,-27.596666666666668,0.003333714803058996,-0.0120786766557337
Utqiagvik,North Slope,tas,Mar,-26.100000381469727,-26.1,3.8146972514141453e-07,-1.4615698067661617e-06
Utqiagvik,North Slope,tas,Apr,-18.899999618530273,-18.896666666666665,0.003332951863608713,-0.017634666300950404
Utqiagvik,North Slope,tas,May,-7.0,-6.909999999999998,0.09000000000000163,-1.2857142857143091
Utqiagvik,North Slope,tas,Jun,1.2000000476837158,1.2066666666666666,0.006666618982950734,0.5555515598369256
Utqiagvik,North Slope,tas,Jul,4.0,4.086666666666668,0.08666666666666778,2.1666666666666945
Utqiagvik,North Slope,tas,Aug,3.200000047683716,3.2033333333333336,0.0033332856496177676,0.10416517499837318
Utqiagvik,North Slope,tas,Sep,-0.800000011920929,-0.8066666666666668,-0.006666654745737799,0.8333318307996129
Utqiagvik,North Slope,tas,Oct,-10.199999809265137,-10.24,-0.040000190734863494,0.39215874002791107
Utqiagvik,North Slope,tas,Nov,-18.700000762939453,-18.703333333333337,-0.0033325703938835716,0.017821231325766667
Utqiagvik,North Slope,tas,Dec,-24.0,-24.006666666666664,-0.006666666666664156,0.027777777777767316
Utqiagvik,North Slope,tas,Annual,-12.508333469430605,-12.497222222222222,0.01111124720838319,-0.08883075619576512
Utqiagvik,North Slope,pr,Annual,183.0,183.46666666666667,0.46666666666666856,0.2550091074681249
Deadhorse,North Slope,tas,Jan,-28.200000762939453,-28.259999999999994,-0.05999923706054133,0.21276324623151271
Deadhorse,North Slope,tas,Feb,-27.799999237060547,-27.759999999999998,0.039999237060548865,-0.14388215164849844
Deadhorse,North Slope,tas,Mar,-25.600000381469727,-25.560000000000002,0.04000038146972429,-0.1562514877877819
Deadhorse,North Slope,tas,Apr,-17.200000762939453,-17.209999999999997,-0.009999237060544175,0.05813509661051504
Deadhorse,North Slope,tas,May,-5.599999904632568,-5.54,0.059999904632568324,-1.0714268866850112
Deadhorse,North Slope,tas,Jun,3.5999999046325684,3.7233333333333336,0.12333342870076525,3.425928665777373
Deadhorse,North Slope,tas,Jul,9.199999809265137,9.153333333333334,-0.04666647593180251,-0.5072443141227637
Deadhorse,North Slope,tas,Aug,7.300000190734863,7.300000000000001,-1.9073486257070726e-07,-2.612806268317463e-06
Deadhorse,North Slope,tas,Sep,0.699999988079071,0.6866666666666668,-0.013333321412404286,-1.9047602342099144
Deadhorse,North Slope,tas,Oct,-9.5,-9.486666666666668,0.013333333333331865,-0.140350877192967
Deadhorse,North Slope,tas,Nov,-23.200000762939453,-23.220000000000002,-0.01999923706054929,0.08620360518477577
Deadhorse,North Slope,tas,Dec,-26.100000381469727,-26.136666666666663,-0.0366662851969366,0.14048384927598945
Deadhorse,North Slope,tas,Annual,-11.866666858394941,-11.859166666666665,0.0075001917282762065,-0.06320386185755505
Deadhorse,North Slope,pr,Annual,215.0,215.96666666666667,0.9666666666666686,0.44961240310077605
Anaktuvuk Pass,North Slope,tas,Jan,-24.899999618530273,-24.90666666666667,-0.006667048136396403,0.026775294130666843
Anaktuvuk Pass,North Slope,tas,Feb,-26.200000762939453,-26.16333333333333,0.03666742960612268,-0.13995201732203635
Anaktuvuk Pass,North Slope,tas,Mar,-22.5,-22.480000000000004,0.01999999999999602,-0.0888888888888712
Anaktuvuk Pass,North Slope,tas,Apr,-14.899999618530273,-14.809999999999999,0.08999961853027472,-0.6040243009023125
Anaktuvuk Pass,North Slope,tas,May,-1.100000023841858,-1.0366666666666668,0.06333335717519106,-5.757577800225231
Anaktuvuk Pass,North Slope,tas,Jun,8.600000381469727,8.610000000000001,0.009999618530274645,0.11627462891537368
Anaktuvuk Pass,North Slope,tas,Jul,11.0,11.07,0.07000000000000028,0.6363636363636389
Anaktuvuk Pass,North Slope,tas,Aug,7.800000190734863,7.956666666666668,0.1566664759318046,2.0085445141129483
Anaktuvuk Pass,North Slope,tas,Sep,-0.10000000149011612,-0.08000000000000008,0.020000001490116034,-20.000001192092792
Anaktuvuk Pass,North Slope,tas,Oct,-13.199999809265137,-13.13,0.06999980926513594,-0.5303015930045906
Anaktuvuk Pass,North Slope,tas,Nov,-21.200000762939453,-21.056666666666665,0.14333409627278826,-0.6761042033703893
Anaktuvuk Pass,North Slope,tas,Dec,-26.200000762939453,-26.12,0.08000076293945213,-0.3053464145413888
Anaktuvuk Pass,North Slope,tas,Annual,-10.241666732355952,-10.17888888888889,0.06277784346706206,-0.6129651072196224
Anaktuvuk Pass,North Slope,pr,Annual,351.0,335.4,-15.600000000000023,-4.444444444444451
Kotzebue,Northwest,tas,Jan,-18.299999237060547,-18.296666666666667,0.003332570393880019,-0.018210767938891544
Kotzebue,Northwest,tas,Feb,-20.399999618530273,-20.446666666666665,-0.046667048136392,0.22876004416197213
Kotzebue,Northwest,tas,Mar,-17.600000381469727,-17.593333333333337,0.0066670481363892975,-0.037880954499346156
Kotzebue,Northwest,tas,Apr,-11.399999618530273,-11.446666666666665,-0.046667048136392,0.4093600850699719
Kotzebue,Northwest,tas,May,-0.5,-0.49666666666666653,0.003333333333333466,-0.6666666666666932
Kotzebue,Northwest,tas,Jun,6.5,6.496666666666667,-0.0033333333333329662,-0.05128205128204563
Kotzebue,Northwest,tas,Jul,12.0,11.996666666666664,-0.0033333333333356308,-0.027777777777796924
Kotzebue,Northwest,tas,Aug,11.0,11.060000000000002,0.060000000000002274,0.5454545454545662
Kotzebue,Northwest,tas,Sep,5.400000095367432,5.446666666666667,0.04666657129923557,0.8641957495384126
Kotzebue,Northwest,tas,Oct,-5.0,-4.993333333333334,0.0066666666666659324,-0.13333333333331865
Kotzebue,Northwest,tas,Nov,-13.399999618530273,-13.346666666666666,0.05333295186360765,-0.39800711479018136
Kotzebue,Northwest,tas,Dec,-18.299999237060547,-18.299999999999997,-7.629394502828291e-07,4.16906820814369e-06
Kotzebue,Northwest,tas,Annual,-5.833333134651184,-5.826666666666665,0.0066664679845187536,-0.11428231219846813
Kotzebue,Northwest,pr,Annual,232.0,228.96666666666667,-3.0333333333333314,-1.3074712643678152
Nome,Northwest,tas,Jan,-13.899999618530273,-13.899999999999999,-3.8146972514141453e-07,2.744386587125313e-06
Nome,Northwest,tas,Feb,-15.600000381469727,-15.656666666666668,-0.0566662851969415,0.3632454090466041
Nome,Northwest,tas,Mar,-13.0,-13.016666666666664,-0.016666666666663943,0.12820512820510727
Nome,Northwest,tas,Apr,-8.0,-8.0,0.0,-0.0
Nome,Northwest,tas,May,1.899999976158142,1.9433333333333331,0.043333357175191045,2.2807030378396327
Nome,Northwest,tas,Jun,7.599999904632568,7.583333333333332,-0.01666657129923621,-0.21929699353123844
Nome,Northwest,tas,Jul,10.600000381469727,10.640000000000002,0.03999961853027578,0.3773548782149166
Nome,Northwest,tas,Aug,9.899999618530273,9.889999999999999,-0.009999618530274645,-0.10100625167255473
Nome,Northwest,tas,Sep,5.800000190734863,5.803333333333331,0.003333142598467731,0.05746797394579775
Nome,Northwest,tas,Oct,-2.200000047683716,-2.19,0.010000047683715874,-0.454547612135031
Nome,Northwest,tas,Nov,-8.800000190734863,-8.823333333333332,-0.02333314259846908,0.2651493419629187
Nome,Northwest,tas,Dec,-13.800000190734863,-13.806666666666665,-0.006666475931801585,0.048307795939578096
Nome,Northwest,tas,Annual,-3.291666696468989,-3.2944444444444443,-0.00277774797545538,0.08438727950296743
Nome,Northwest,pr,Annual,388.0,380.26666666666665,-7.7333333333333485,-1.9931271477663268
Unalakleet,Northwest,tas,Jan,-15.0,-15.049999999999999,-0.049999999999998934,0.3333333333333262
Unalakleet,Northwest,tas,Feb,-16.0,-15.939999999999998,0.060000000000002274,-0.3750000000000142
Unalakleet,Northwest,tas,Mar,-11.800000190734863,-11.743333333333336,0.05666685740152744,-0.48022759733530496
Unalakleet,Northwest,tas,Apr,-5.599999904632568,-5.656666666666667,-0.056666762034098817,1.0119064821272865
Unalakleet,Northwest,tas,May,3.5999999046325684,3.5966666666666662,-0.003333237965902125,-0.09258994595007718
Unalakleet,Northwest,tas,Jun,8.800000190734863,8.806666666666667,0.006666475931803362,0.07575540667399307
Unalakleet,Northwest,tas,Jul,12.600000381469727,12.643333333333336,0.04333295186360964,0.3439123059657802
Unalakleet,Northwest,tas,Aug,11.600000381469727,11.606666666666666,0.006666285196939015,0.05746797394582837
Unalakleet,Northwest,tas,Sep,6.599999904632568,6.709999999999999,0.11000009536743072,1.666668135710444
Unalakleet,Northwest,tas,Oct,-2.799999952316284,-2.8000000000000003,-4.7683716086766026e-08,1.7029898892433887e-06
Unalakleet,Northwest,tas,Nov,-10.399999618530273,-10.303333333333335,0.09666628519693887,-0.9294835456022809
Unalakleet,Northwest,tas,Dec,-14.600000381469727,-14.586666666666668,0.013333714803058783,-0.09132681133338798
Unalakleet,Northwest,tas,Annual,-2.7499999403953552,-2.726388888888889,0.02361105150646603,-0.85858370975352
Unalakleet,Northwest,pr,Annual,399.0,396.8,-2.1999999999999886,-0.5513784461152854
Bettles,Interior,tas,Jan,-24.899999618530273,-24.89,0.009999618530272869,-0.04015911117858522
Bettles,Interior,tas,Feb,-22.799999237060547,-22.813333333333336,-0.013334096272789253,0.058482880346395705
Bettles,Interior,tas,Mar,-16.200000762939453,-16.28,-0.07999923706054801,0.49382242773445606
Bettles,Interior,tas,Apr,-6.400000095367432,-6.346666666666667,0.05333342870076496,-0.8333348110317962
Bettles,Interior,tas,May,6.099999904632568,6.066666666666666,-0.03333323796590193,-0.5464465325743271
Bettles,Interior,tas,Jun,13.800000190734863,13.856666666666667,0.05666647593180407,0.4106266315115647
Bettles,Interior,tas,Jul,15.199999809265137,15.153333333333334,-0.04666647593180251,-0.30701629287756327
Bettles,Interior,tas,Aug,11.800000190734863,11.776666666666664,-0.02333352406819955,-0.19774172619523
Bettles,Interior,tas,Sep,4.699999809265137,4.673333333333333,-0.026666475931803824,-0.5673718513612712
Bettles,Interior,tas,Oct,-7.599999904632568,-7.5533333333333355,0.046666571299232906,-0.6140338405897527
Bettles,Interior,tas,Nov,-18.799999237060547,-18.793333333333337,0.0066659037272103205,-0.03545693615811317
Bettles,Interior,tas,Dec,-23.0,-23.02,-0.019999999999999574,0.08695652173912859
Bettles,Interior,tas,Annual,-5.674999912579854,-5.680833333333333,-0.005833420753479146,0.10279155671083127
Bettles,Interior,pr,Annual,375.0,378.5,3.5,0.9333333333333333
Fort Yukon,Interior,tas,Jan,-29.100000381469727,-29.1,3.8146972514141453e-07,-1.3108925090747645e-06
Fort Yukon,Interior,tas,Feb,-26.200000762939453,-26.139999999999997,0.06000076293945611,-0.229010538901696
Fort Yukon,Interior,tas,Mar,-17.399999618530273,-17.453333333333333,-0.053333714803059706,0.3065156090363446
Fort Yukon,Interior,tas,Apr,-5.800000190734863,-5.85,-0.049999809265136363,0.8620656486358039
Fort Yukon,Interior,tas,May,7.199999809265137,7.183333333333333,-0.016666475931804037,-0.23147883851826226
Fort Yukon,Interior,tas,Jun,15.800000190734863,15.74,-0.06000019073486307,-0.37974803804146307
Fort Yukon,Interior,tas,Jul,17.399999618530273,17.336666666666662,-0.06333295186361099,-0.36398248995456317
Fort Yukon,Interior,tas,Aug,13.600000381469727,13.593333333333332,-0.006667048136394627,-0.04902241139256594
Fort Yukon,Interior,tas,Sep,5.199999809265137,5.1433333333333335,-0.056666475931803184,-1.0897399617368695
Fort Yukon,Interior,tas,Oct,-7.199999809265137,-7.236666666666666,-0.03666685740152964,0.5092619218454121
Fort Yukon,Interior,tas,Nov,-21.799999237060547,-21.853333333333335,-0.0533340962727884,0.24465182632721882
Fort Yukon,Interior,tas,Dec,-27.799999237060547,-27.8,-7.629394538355427e-07,2.744386599904859e-06
Fort Yukon,Interior,tas,Annual,-6.341666618982951,-6.369722222222222,-0.028055603239271143,0.44240110565399887
Fort Yukon,Interior,pr,Annual,207.0,207.03333333333333,0.03333333333333144,0.016103059581319537
Fairbanks,Interior,tas,Jan,-22.0,-22.623333333333335,-0.6233333333333348,2.83333333333334
Fairbanks,Interior,tas,Feb,-18.600000381469727,-19.06,-0.45999961853027216,2.4731161779359283
Fairbanks,Interior,tas,Mar,-11.199999809265137,-11.519999999999998,-0.3200001907348611,2.857144608789571
Fairbanks,Interior,tas,Apr,-1.0,-0.9533333333333333,0.046666666666666745,-4.666666666666675
Fairbanks,Interior,tas,May,8.899999618530273,9.126666666666667,0.2266670481363935,2.546820874738698
Fairbanks,Interior,tas,Jun,15.0,15.206666666666667,0.206666666666667,1.37777777777778
Fairbanks,Interior,tas,Jul,16.200000762939453,16.47666666666667,0.276665903727217,1.7078141401088218
Fairbanks,Interior,tas,Aug,13.399999618530273,13.620000000000001,0.22000038146972756,1.6417939383035403
Fairbanks,Interior,tas,Sep,7.099999904632568,7.1800000000000015,0.08000009536743313,1.126761921718268
Fairbanks,Interior,tas,Oct,-3.5999999046325684,-3.566666666666666,0.033333237965902374,-0.9259233013592124
Fairbanks,Interior,tas,Nov,-15.0,-15.110000000000003,-0.11000000000000298,0.7333333333333533
Fairbanks,Interior,tas,Dec,-21.0,-21.72666666666667,-0.7266666666666701,3.460317460317477
Fairbanks,Interior,tas,Annual,-2.650000015894572,-2.745833333333333,-0.09583331743876133,3.61635157977199
Fairbanks,Interior,pr,Annual,297.0,296.76666666666665,-0.2333333333333485,-0.07856341189675034
Galena,Interior,tas,Jan,-22.799999237060547,-22.796666666666667,0.003332570393880019,-0.014616537304365565
Galena,Interior,tas,Feb,-21.200000762939453,-21.253333333333337,-0.05333257039388428,0.25156871921965696
Galena,Interior,tas,Mar,-15.0,-15.089999999999998,-0.08999999999999808,0.5999999999999872
Galena,Interior,tas,Apr,-5.800000190734863,-5.746666666666667,0.05333352406819625,-0.9195434881776937
Galena,Interior,tas,May,6.400000095367432,6.469999999999999,0.06999990463256722,1.0937484935857402
Galena,Interior,tas,Jun,13.699999809265137,13.696666666666665,-0.0033331425984712837,-0.02432950835676013
Galena,Interior,tas,Jul,15.5,15.500000000000002,1.7763568394002505e-15,1.1460366705808067e-14
Galena,Interior,tas,Aug,12.800000190734863,12.803333333333333,0.0033331425984695073,0.026040176162514164
Galena,Interior,tas,Sep,6.599999904632568,6.5233333333333325,-0.07666657129923582,-1.1616147334399691
Galena,Interior,tas,Oct,-4.800000190734863,-4.863333333333334,-0.06333314259847089,1.3194404183716253
Galena,Interior,tas,Nov,-16.0,-15.956666666666667,0.043333333333333,-0.27083333333333126
Galena,Interior,tas,Dec,-21.399999618530273,-21.40333333333334,-0.0033337148030661012,0.015578106834074125
Galena,Interior,tas,Annual,-4.333333333333333,-4.343055555555556,-0.009722222222222854,0.22435897435898894
Galena,Interior,pr,Annual,346.0,346.3333333333333,0.3333333333333144,0.09633911368014866
McGrath,Interior,tas,Jan,-22.399999618530273,-22.306666666666658,0.09333295186361568,-0.4166649707726179
McGrath,Interior,tas,Feb,-19.0,-18.933333333333334,0.06666666666666643,-0.3508771929824549
McGrath,Interior,tas,Mar,-11.899999618530273,-11.883333333333331,0.016666285196942354,-0.14005282127060056
McGrath,Interior,tas,Apr,-2.9000000953674316,-2.8466666666666662,0.053333428700765406,-1.8390836878233976
McGrath,Interior,tas,May,7.0,6.973333333333333,-0.026666666666667282,-0.38095238095238976
McGrath,Interior,tas,Jun,13.0,12.943333333333333,-0.05666666666666664,-0.43589743589743574
McGrath,Interior,tas,Jul,14.800000190734863,14.779999999999998,-0.020000190734865697,-0.13513642214265828
McGrath,Interior,tas,Aug,12.300000190734863,12.310000000000002,0.009999809265138992,0.08129926105750372
McGrath,Interior,tas,Sep,6.800000190734863,6.726666666666668,-0.07333352406819493,-1.0784341472241916
McGrath,Interior,tas,Oct,-4.099999904632568,-4.093333333333333,0.006666571299235535,-0.1625993037634711
McGrath,Interior,tas,Nov,-15.199999809265137,-15.109999999999998,0.08999980926513906,-0.5921040157532095
McGrath,Interior,tas,Dec,-20.899999618530273,-20.846666666666668,0.05333295186360587,-0.2551815925217531
McGrath,Interior,tas,Annual,-3.5416665077209473,-3.5238888888888886,0.01777761883205864,-0.5019563189617898
McGrath,Interior,pr,Annual,405.0,405.8666666666667,0.8666666666666742,0.213991769547327
Tok,Interior,tas,Jan,-27.0,-27.000000000000004,-3.552713678800501e-15,1.3158198810372226e-14
Tok,Interior,tas,Feb,-21.0,-20.95,0.05000000000000071,-0.23809523809524147
Tok,Interior,tas,Mar,-12.0,-12.096666666666668,-0.09666666666666757,0.805555555555563
Tok,Interior,tas,Apr,-1.600000023841858,-1.5933333333333337,0.006666690508524198,-0.4166681505739231
Tok,Interior,tas,May,6.800000190734863,6.796666666666668,-0.003333524068195537,-0.049022411392539815
Tok,Interior,tas,Jun,12.399999618530273,12.393333333333334,-0.006666285196939015,-0.053760366145310774
Tok,Interior,tas,Jul,14.600000381469727,14.58666666666667,-0.013333714803057006,-0.0913268113333758
Tok,Interior,tas,Aug,11.800000190734863,11.75333333333333,-0.04666685740153298,-0.3954818359933156
Tok,Interior,tas,Sep,5.599999904632568,5.6033333333333335,0.0033334287007651398,0.059525513527376665
Tok,Interior,tas,Oct,-5.400000095367432,-5.456666666666667,-0.05666657129923536,1.0493809314531057
Tok,Interior,tas,Nov,-18.799999237060547,-18.743333333333336,0.05666590372721103,-0.30141439375968276
Tok,Interior,tas,Dec,-24.399999618530273,-24.34333333333333,0.05666628519694328,-0.23223887738878807
Tok,Interior,tas,Annual,-4.916666557391484,-4.920833333333333,-0.00416677594184911,0.08474798714151108
Tok,Interior,pr,Annual,229.0,229.83333333333334,0.8333333333333428,0.36390101892285714
Bethel,Southwest,tas,Jan,-14.199999809265137,-14.153333333333332,0.046666475931804285,-0.328637158863591
Bethel,Southwest,tas,Feb,-14.399999618530273,-14.403333333333332,-0.003333714803058996,0.02315079785675195
Bethel,Southwest,tas,Mar,-10.399999618530273,-10.403333333333332,-0.003333714803058996,0.03205495120518202
Bethel,Southwest,tas,Apr,-4.599999904632568,-4.613333333333334,-0.013333428700765815,0.2898571516781551
Bethel,Southwest,tas,May,4.400000095367432,4.4399999999999995,0.03999990463256786,0.9090887219453022
Bethel,Southwest,tas,Jun,10.300000190734863,10.303333333333335,0.0033331425984712837,0.03236060715289635
Bethel,Southwest,tas,Jul,12.699999809265137,12.713333333333335,0.013333524068197988,0.1049883800665152
Bethel,Southwest,tas,Aug,11.600000381469727,11.546666666666663,-0.05333371480306326,-0.4597733883548877
Bethel,Southwest,tas,Sep,7.199999809265137,7.220000000000001,0.02000019073486392,0.2777804342317785
Bethel,Southwest,tas,Oct,-1.399999976158142,-1.4933333333333336,-0.09333335717519153,6.666668483189226
Bethel,Southwest,tas,Nov,-8.399999618530273,-8.393333333333333,0.006666285196940791,-0.07936054166282419
Bethel,Southwest,tas,Dec,-13.199999809265137,-13.146666666666667,0.05333314259847022,-0.40403896491752567
Bethel,Southwest,tas,Annual,-1.699999839067459,-1.698611111111111,0.0013887279563480348,-0.08168988751844979
Bethel,Southwest,pr,Annual,382.0,382.03333333333336,0.03333333333335986,0.00872600349040834
Dillingham,Southwest,tas,Jan,-9.399999618530273,-9.463333333333333,-0.0633337148030595,0.6737629507793742
Dillingham,Southwest,tas,Feb,-9.199999809265137,-9.226666666666667,-0.026666857401529853,0.2898571516781358
Dillingham,Southwest,tas,Mar,-5.900000095367432,-5.9,9.536743128535363e-08,-1.6163971143023258e-06
Dillingham,Southwest,tas,Apr,-1.2999999523162842,-1.2866666666666664,0.013333285649617777,-1.0256373952830613
Dillingham,Southwest,tas,May,5.300000190734863,5.3066666666666675,0.00666647593180425,0.12578256022439727
Dillingham,Southwest,tas,Jun,10.0,10.040000000000001,0.040000000000000924,0.40000000000000924
Dillingham,Southwest,tas,Jul,12.600000381469727,12.606666666666666,0.006666285196939015,0.05290702377075187
Dillingham,Southwest,tas,Aug,12.100000381469727,12.096666666666666,-0.003333714803060772,-0.027551361140170826
Dillingham,Southwest,tas,Sep,8.5,8.49,-0.009999999999999787,-0.1176470588235269
Dillingham,Southwest,tas,Oct,0.6000000238418579,0.5333333333333333,-0.06666669050852458,-11.111114643238071
Dillingham,Southwest,tas,Nov,-5.199999809265137,-5.203333333333334,-0.0033335240681973133,0.06410623443212023
Dillingham,Southwest,tas,Dec,-9.199999809265137,-9.196666666666665,0.0033331425984712837,-0.03622981160406701
Dillingham,Southwest,tas,Annual,0.7416668236255646,0.7330555555555559,-0.00861126807000867,-1.161069606418869
Dillingham,Southwest,pr,Annual,609.0,609.2333333333333,0.2333333333333485,0.038314176245213216
King Salmon,Southwest,tas,Jan,-9.399999618530273,-9.42,-0.02000038146972649,0.21277002426999703
King Salmon,Southwest,tas,Feb,-9.5,-9.496666666666664,0.0033333333333356308,-0.035087719298269794
King Salmon,Southwest,tas,Mar,-5.400000095367432,-5.376666666666668,0.023333428700763825,-0.4321005238644565
King Salmon,Southwest,tas,Apr,-0.5,-0.49333333333333335,0.006666666666666654,-1.3333333333333308
King Salmon,Southwest,tas,May,5.800000190734863,5.7333333333333325,-0.06666685740153078,-1.149428538089135
King Salmon,Southwest,tas,Jun,10.0,9.933333333333334,-0.06666666666666643,-0.6666666666666643
King Salmon,Southwest,tas,Jul,12.600000381469727,12.570000000000002,-0.030000381469724502,-0.23809825842422006
King Salmon,Southwest,tas,Aug,12.100000381469727,12.099999999999998,-3.814697286941282e-07,-3.1526422865103496e-06
King Salmon,Southwest,tas,Sep,8.399999618530273,8.423333333333334,0.023333714803060346,0.2777823316989982
King Salmon,Southwest,tas,Oct,0.30000001192092896,0.2966666666666667,-0.0033333452542622655,-1.1111150406023436
King Salmon,Southwest,tas,Nov,-5.199999809265137,-5.26,-0.06000019073486307,1.1538498641472505
King Salmon,Southwest,tas,Dec,-8.899999618530273,-8.91,-0.010000381469726705,0.1123638415546151
King Salmon,Southwest,tas,Annual,0.8583334535360336,0.8416666666666671,-0.016666786869366512,-1.9417613050854745
King Salmon,Southwest,pr,Annual,507.0,507.1333333333333,0.13333333333332575,0.02629848783694788
Glennallen,Southcentral,tas,Jan,-21.399999618530273,-21.410000000000004,-0.010000381469730257,0.04673075536445767
Glennallen,Southcentral,tas,Feb,-16.399999618530273,-16.426666666666666,-0.026667048136392424,0.1626039558333981
Glennallen,Southcentral,tas,Mar,-9.600000381469727,-9.456666666666667,0.14333371480305956,-1.4930594698696842
Glennallen,Southcentral,tas,Apr,-0.8999999761581421,-0.8366666666666667,0.06333330949147542,-7.037034574359467
Glennallen,Southcentral,tas,May,6.199999809265137,6.29,0.09000019073486332,1.4516160242516316
Glennallen,Southcentral,tas,Jun,11.600000381469727,11.693333333333332,0.09333295186360502,0.8045943861579398
Glennallen,Southcentral,tas,Jul,13.800000190734863,13.823333333333334,0.023333142598470857,0.16908074113025318
Glennallen,Southcentral,tas,Aug,11.5,11.563333333333334,0.06333333333333435,0.5507246376811683
Glennallen,Southcentral,tas,Sep,6.099999904632568,6.136666666666666,0.036666762034097466,0.6010944689728823
Glennallen,Southcentral,tas,Oct,-2.9000000953674316,-2.833333333333333,0.0666667620340986,-2.2988537876462343
Glennallen,Southcentral,tas,Nov,-15.199999809265137,-15.106666666666667,0.09333314259846937,-0.6140338405897762
Glennallen,Southcentral,tas,Dec,-20.399999618530273,-20.44333333333333,-0.04333371480305814,0.21242017457537649
Glennallen,Southcentral,tas,Annual,-3.13333323597908,-3.0838888888888896,0.04944434709019063,-1.5780111263761143
Glennallen,Southcentral,pr,Annual,288.0,285.76666666666665,-2.2333333333333485,-0.7754629629629682
Talkeetna,Southcentral,tas,Jan,-12.199999809265137,-12.223333333333334,-0.023333524068197775,0.19125839699175587
Talkeetna,Southcentral,tas,Feb,-9.600000381469727,-9.59,0.010000381469726705,-0.10417063617028399
Talkeetna,Southcentral,tas,Mar,-5.599999904632568,-5.666666666666668,-0.06666676203409949,1.1904779137397803
Talkeetna,Southcentral,tas,Apr,0.6000000238418579,0.6333333333333333,0.033333309491475394,5.555551361154789
Talkeetna,Southcentral,tas,May,7.199999809265137,7.230000000000001,0.030000190734864596,0.4166693267999759
Talkeetna,Southcentral,tas,Jun,12.399999618530273,12.460000000000003,0.06000038146972919,0.4838740589964697
Talkeetna,Southcentral,tas,Jul,14.600000381469727,14.586666666666666,-0.013333714803060559,-0.09132681133340015
Talkeetna,Southcentral,tas,Aug,13.0,12.910000000000002,-0.08999999999999808,-0.6923076923076775
Talkeetna,Southcentral,tas,Sep,8.0,7.973333333333333,-0.026666666666667282,-0.33333333333334103
Talkeetna,Southcentral,tas,Oct,-0.20000000298023224,-0.25666666666666665,-0.056666663686434415,28.333331421017668
Talkeetna,Southcentral,tas,Nov,-8.399999618530273,-8.396666666666667,0.0033329518636069366,-0.039678000178172565
Talkeetna,Southcentral,tas,Dec,-11.600000381469727,-11.56,0.040000381469726065,-0.3448308633991441
Talkeetna,Southcentral,tas,Annual,0.6833333112299442,0.6750000000000003,-0.008333311229943963,-1.2195089999263584
Talkeetna,Southcentral,pr,Annual,788.0,787.9,-0.10000000000002274,-0.012690355329952123
Anchorage,Southcentral,tas,Jan,-12.399999618530273,-12.466666666666665,-0.06666704813639157,0.537637501510612
Anchorage,Southcentral,tas,Feb,-8.300000190734863,-8.296666666666667,0.003333524068196425,-0.04016293965773129
Anchorage,Southcentral,tas,Mar,-4.400000095367432,-4.466666666666667,-0.06666657129923514,1.5151493148699127
Anchorage,Southcentral,tas,Apr,1.7999999523162842,1.7433333333333332,-0.056666618982951,-3.1481455824502107
Anchorage,Southcentral,tas,May,8.0,7.94,-0.05999999999999961,-0.7499999999999951
Anchorage,Southcentral,tas,Jun,12.600000381469727,12.589999999999998,-0.010000381469728481,-0.07936810449970785
Anchorage,Southcentral,tas,Jul,14.800000190734863,14.74,-0.06000019073486307,-0.40540668892980525
Anchorage,Southcentral,tas,Aug,13.399999618530273,13.436666666666664,0.036667048136390434,0.27363469537480567
Anchorage,Southcentral,tas,Sep,9.399999618530273,9.336666666666666,-0.06333295186360743,-0.6737548344018953
Anchorage,Southcentral,tas,Oct,1.2000000476837158,1.2433333333333332,0.04333328564961736,3.6111069939756133
Anchorage,Southcentral,tas,Nov,-6.199999809265137,-6.153333333333334,0.04666647593180251,-0.7526851188296039
Anchorage,Southcentral,tas,Dec,-10.5,-10.506666666666666,-0.0066666666666659324,0.0634920634920565
Anchorage,Southcentral,tas,Annual,1.6166666746139526,1.5949999999999995,-0.021666674613953107,-1.3402066705634876
Anchorage,Southcentral,pr,Annual,380.0,380.0,0.0,0.0
Valdez,Southcentral,tas,Jan,-7.599999904632568,-8.173333333333334,-0.5733334287007654,7.54386099862042
Valdez,Southcentral,tas,Feb,-5.599999904632568,-6.253333333333333,-0.6533334287007646,11.666668568338693
Valdez,Southcentral,tas,Mar,-2.799999952316284,-3.5899999999999994,-0.7900000476837152,28.214287897762006
Valdez,Southcentral,tas,Apr,2.0999999046325684,1.5666666666666662,-0.5333332379659022,-25.396822008866618
Valdez,Southcentral,tas,May,6.599999904632568,6.09,-0.5099999046325685,-7.727271393967708
Valdez,Southcentral,tas,Jun,10.600000381469727,10.206666666666669,-0.3933337148030578,-3.71069528913093
Valdez,Southcentral,tas,Jul,12.399999618530273,12.056666666666667,-0.3433329518636068,-2.7688142131112485
Valdez,Southcentral,tas,Aug,11.600000381469727,11.226666666666665,-0.37333371480306177,-3.2183939872919227
Valdez,Southcentral,tas,Sep,8.0,7.470000000000001,-0.5299999999999994,-6.624999999999992
Valdez,Southcentral,tas,Oct,2.5999999046325684,2.1,-0.49999990463256827,-19.23076626817139
Valdez,Southcentral,tas,Nov,-3.5999999046325684,-4.223333333333334,-0.6233334287007652,17.314817922596177
Valdez,Southcentral,tas,Dec,-6.400000095367432,-6.950000000000002,-0.5499999046325703,8.593748381827082
Valdez,Southcentral,tas,Annual,2.3250000278155007,1.7938888888888889,-0.5311111389266119,-22.84348957301423
Valdez,Southcentral,pr,Annual,1612.0,1611.9,-0.09999999999990905,-0.0062034739454037875
Homer,Southcentral,tas,Jan,-5.800000190734863,-5.95,-0.1499998092651369,2.586203522971468
Homer,Southcentral,tas,Feb,-4.400000095367432,-4.5166666666666675,-0.11666657129923586,2.651512926603547
Homer,Southcentral,tas,Mar,-2.700000047683716,-2.816666666666667,-0.11666661898295105,4.320985811946091
Homer,Southcentral,tas,Apr,1.2000000476837158,1.01,-0.1900000476837158,-15.833336677816046
Homer,Southcentral,tas,May,5.599999904632568,5.570000000000001,-0.029999904632567187,-0.5357125918475452
Homer,Southcentral,tas,Jun,9.5,9.5,0.0,0.0
Homer,Southcentral,tas,Jul,11.800000190734863,11.800000000000002,-1.9073486079435042e-07,-1.6163970992484545e-06
Homer,Southcentral,tas,Aug,11.699999809265137,11.683333333333334,-0.01666647593180315,-0.14244851455984725
Homer,Southcentral,tas,Sep,8.399999618530273,8.403333333333334,0.003333714803060772,0.039687082791130694
Homer,Southcentral,tas,Oct,2.5999999046325684,2.476666666666667,-0.12333323796590134,-4.743586249605297
Homer,Southcentral,tas,Nov,-2.0999999046325684,-2.12,-0.020000095367431747,0.9523855369379701
Homer,Southcentral,tas,Dec,-5.199999809265137,-5.3866666666666685,-0.18666685740153177,3.5897473893929144
Homer,Southcentral,tas,Annual,2.549999952316284,2.4711111111111115,-0.0788888412051727,-3.0936801051119347
Homer,Southcentral,pr,Annual,681.0,721.0333333333333,40.0333333333333,5.878609887420455
Kodiak,Southcentral,tas,Jan,-1.2000000476837158,-1.1233333333333337,0.07666671435038208,-6.388892608660057
Kodiak,Southcentral,tas,Feb,-0.800000011920929,-0.7899999999999998,0.010000011920929142,-1.2500014714896692
Kodiak,Southcentral,tas,Mar,0.4000000059604645,0.4966666666666668,0.09666666070620233,24.16666481643922
Kodiak,Southcentral,tas,Apr,3.0,3.113333333333333,0.11333333333333284,3.7777777777777612
Kodiak,Southcentral,tas,May,6.400000095367432,6.376666666666666,-0.0233334287007656,-0.3645848180167254
Kodiak,Southcentral,tas,Jun,9.600000381469727,9.603333333333333,0.0033329518636069366,0.03471824719965973
Kodiak,Southcentral,tas,Jul,12.399999618530273,12.406666666666668,0.006667048136394627,0.05376651888304532
Kodiak,Southcentral,tas,Aug,12.800000190734863,12.809999999999999,0.00999980926513544,0.07812350871973962
Kodiak,Southcentral,tas,Sep,10.0,10.003333333333332,0.003333333333332078,0.03333333333332078
Kodiak,Southcentral,tas,Oct,4.699999809265137,4.790000000000001,0.0900001907348642,1.9148977529200386
Kodiak,Southcentral,tas,Nov,1.2000000476837158,1.34,0.13999995231628426,11.666662229432182
Kodiak,Southcentral,tas,Dec,-0.800000011920929,-0.7133333333333334,0.08666667858759558,-10.833334662020182
Kodiak,Southcentral,tas,Annual,4.8083333397905035,4.859444444444445,0.0511111046539412,1.0629692461414932
Kodiak,Southcentral,pr,Annual,1615.0,1615.0333333333333,0.03333333333330302,0.002063983488130218
Yakutat,Southeast,tas,Jan,-3.9000000953674316,-3.9066666666666663,-0.006666571299234647,0.17093772144142905
Yakutat,Southeast,tas,Feb,-2.200000047683716,-2.2066666666666666,-0.006666618982950734,0.3030281290207119
Yakutat,Southeast,tas,Mar,-0.6000000238418579,-0.5966666666666666,0.0033333571751913427,-0.5555595071226057
Yakutat,Southeast,tas,Apr,2.4000000953674316,2.393333333333333,-0.00666676203409855,-0.2777817403827183
Yakutat,Southeast,tas,May,6.300000190734863,6.3133333333333335,0.013333142598470182,0.21163717769530635
Yakutat,Southeast,tas,Jun,9.800000190734863,9.8,-1.9073486257070726e-07,-1.9462740699845316e-06
Yakutat,Southeast,tas,Jul,12.0,11.996666666666666,-0.0033333333333338544,-0.02777777777778212
Yakutat,Southeast,tas,Aug,11.800000190734863,11.799999999999999,-1.907348643470641e-07,-1.616397129356197e-06
Yakutat,Southeast,tas,Sep,9.0,9.006666666666666,0.0066666666666659324,0.07407407407406591
Yakutat,Southeast,tas,Oct,4.900000095367432,4.963333333333335,0.06333323796590307,1.2925150353727484
Yakutat,Southeast,tas,Nov,-0.5,-0.49666666666666665,0.003333333333333355,-0.666666666666671
Yakutat,Southeast,tas,Dec,-2.799999952316284,-2.8,-4.7683715642676816e-08,1.7029898733830595e-06
Yakutat,Southeast,tas,Annual,3.8500000536441803,3.8555555555555556,0.005555501911375327,0.14429874893421937
Yakutat,Southeast,pr,Annual,3881.0,3881.133333333333,0.13333333333321207,0.0034355406682095354
Juneau,Southeast,tas,Jan,-3.799999952316284,-3.8699999999999997,-0.07000004768371548,1.8421065411079034
Juneau,Southeast,tas,Feb,-1.399999976158142,-1.3866666666666667,0.013333309491475376,-0.9523792656100205
Juneau,Southeast,tas,Mar,0.800000011920929,0.8033333333333333,0.0033333214124043886,0.4166651703417537
Juneau,Southeast,tas,Apr,4.699999809265137,4.713333333333333,0.013333524068196212,0.2836920129637401
Juneau,Southeast,tas,May,8.5,8.456666666666667,-0.043333333333333,-0.5098039215686235
Juneau,Southeast,tas,Jun,12.0,11.916666666666668,-0.08333333333333215,-0.6944444444444345
Juneau,Southeast,tas,Jul,13.600000381469727,13.509999999999998,-0.09000038146972855,-0.6617674922447493
Juneau,Southeast,tas,Aug,13.0,12.913333333333332,-0.08666666666666778,-0.6666666666666752
Juneau,Southeast,tas,Sep,10.100000381469727,10.003333333333334,-0.09666704813639271,-0.9570994503499807
Juneau,Southeast,tas,Oct,6.0,6.09,0.08999999999999986,1.4999999999999976
Juneau,Southeast,tas,Nov,1.2000000476837158,1.1866666666666668,-0.013333381017049062,-1.1111150406023436
Juneau,Southeast,tas,Dec,-1.7000000476837158,-1.69,0.010000047683715874,-0.5882380825424763
Juneau,Southeast,tas,Annual,5.250000054637591,5.220555555555556,-0.02944449908203506,-0.5608475957257417
Juneau,Southeast,pr,Annual,2420.0,2419.866666666667,-0.13333333333321207,-0.005509641873273226
Ketchikan,Southeast,tas,Jan,-0.6000000238418579,-0.4033333333333333,0.1966666905085246,-32.77778044894879
Ketchikan,Southeast,tas,Feb,1.2000000476837158,1.386666666666667,0.18666661898295112,15.555550963790532
Ketchikan,Southeast,tas,Mar,2.4000000953674316,2.516666666666666,0.11666657129923452,4.86110694430507
Ketchikan,Southeast,tas,Apr,4.599999904632568,4.79,0.19000009536743168,4.130436941446159
Ketchikan,Southeast,tas,May,7.800000190734863,8.056666666666667,0.25666647593180336,3.2905957648139745
Ketchikan,Southeast,tas,Jun,10.800000190734863,10.990000000000002,0.1899998092651387,1.759257462126124
Ketchikan,Southeast,tas,Jul,13.0,13.213333333333333,0.21333333333333293,1.6410256410256379
Ketchikan,Southeast,tas,Aug,13.300000190734863,13.506666666666666,0.20666647593180265,1.553883255398538
Ketchikan,Southeast,tas,Sep,10.699999809265137,10.896666666666668,0.19666685740153156,1.8380080458621841
Ketchikan,Southeast,tas,Oct,6.699999809265137,6.886666666666668,0.18666685740153088,2.7860725778439197
Ketchikan,Southeast,tas,Nov,2.5999999046325684,2.856666666666667,0.25666676203409855,9.871798901868448
Ketchikan,Southeast,tas,Dec,0.5,0.6066666666666667,0.10666666666666669,21.333333333333336
Ketchikan,Southeast,tas,Annual,6.083333343267441,6.275277777777778,0.19194443451033738,3.155250973099584
Ketchikan,Southeast,pr,Annual,3325.0,3324.9333333333334,-0.06666666666660603,-0.002005012531326497
